task,episode_id,U_success,U_terminal_reason,U_steps,U_collision,U_attempt_id,O_success,O_terminal_reason,O_steps,O_collision,O_attempt_id,OC_success,OC_terminal_reason,OC_steps,OC_collision,OC_attempt_id,R_success,R_terminal_reason,R_steps,R_collision,R_attempt_id,OC_minus_U,O_minus_U,OC_minus_O,R_minus_U,OC_minus_R
BinFill,0,1,success,275,0,0,0,fail,409,0,0,1,success,285,0,0,1,success,258,0,0,0,-1,1,0,0
BinFill,1,1,success,263,0,0,1,success,701,0,0,1,success,281,0,0,1,success,251,0,0,0,0,0,0,0
BinFill,2,0,fail,847,0,0,0,timeout,1300,0,0,0,fail,905,0,0,0,fail,1050,0,0,0,0,0,0,0
BinFill,3,0,fail,556,0,0,0,fail,808,0,0,0,fail,770,0,0,0,fail,791,0,0,0,0,0,0,0
BinFill,4,1,success,286,0,0,1,success,310,0,0,1,success,308,0,0,1,success,274,0,0,0,0,0,0,0
BinFill,5,1,success,502,0,0,0,timeout,1300,0,0,1,success,643,0,0,0,fail,526,0,0,0,-1,1,-1,1
BinFill,6,1,success,394,0,0,1,success,1002,0,0,1,success,411,0,0,1,success,361,0,0,0,0,0,0,0
BinFill,7,0,fail,866,0,0,0,timeout,1300,0,0,0,fail,935,0,0,0,fail,635,0,0,0,0,0,0,0
BinFill,8,1,success,752,0,0,0,timeout,1300,0,0,1,success,712,0,0,1,success,685,0,0,0,-1,1,0,0
BinFill,9,1,success,435,0,0,0,timeout,1300,0,0,1,success,553,0,0,1,success,412,0,0,0,-1,1,0,0
BinFill,10,0,fail,702,0,0,0,timeout,1300,0,0,0,fail,710,0,0,0,fail,812,0,0,0,0,0,0,0
BinFill,11,0,fail,774,0,0,0,timeout,1300,0,0,0,fail,786,0,0,0,fail,611,0,0,0,0,0,0,0
BinFill,12,0,timeout,1300,0,0,0,fail,516,0,0,0,fail,458,0,0,1,success,457,0,0,0,0,0,1,-1
BinFill,13,0,fail,512,0,0,0,timeout,1300,0,0,0,fail,518,0,0,1,success,637,0,0,0,0,0,1,-1
BinFill,14,0,fail,703,0,0,0,fail,1232,0,0,1,success,695,0,0,0,fail,584,0,0,1,0,1,0,1
BinFill,15,0,fail,633,0,0,0,timeout,1300,0,0,0,fail,671,0,0,0,fail,591,0,0,0,0,0,0,0
BinFill,16,1,success,243,0,0,1,success,252,0,0,1,success,264,0,0,0,fail,210,0,0,0,0,0,-1,1
BinFill,17,1,success,242,0,0,1,success,250,0,0,1,success,251,0,0,1,success,225,0,0,0,0,0,0,0
BinFill,18,1,success,468,0,0,0,timeout,1300,0,0,0,fail,417,0,0,0,fail,518,0,0,-1,-1,0,-1,0
BinFill,19,0,fail,644,0,0,0,timeout,1300,0,0,0,fail,703,0,0,0,fail,938,0,0,0,0,0,0,0
BinFill,20,0,fail,454,0,0,0,timeout,1300,0,0,1,success,765,0,0,0,fail,422,0,0,1,0,1,0,1
BinFill,21,1,success,413,0,0,0,timeout,1300,0,0,1,success,428,0,0,1,success,492,0,0,0,-1,1,0,0
BinFill,22,0,fail,604,0,0,0,fail,624,0,0,0,fail,630,0,0,0,fail,561,0,0,0,0,0,0,0
BinFill,23,0,fail,444,0,0,0,timeout,1300,0,0,0,fail,476,0,0,0,fail,479,0,0,0,0,0,0,0
BinFill,24,1,success,805,0,0,1,success,973,0,0,1,success,700,0,0,0,fail,769,0,0,0,0,0,-1,1
BinFill,25,1,success,261,0,0,1,success,285,0,0,1,success,277,0,0,1,success,244,0,0,0,0,0,0,0
BinFill,26,0,fail,502,0,0,0,timeout,1300,0,0,0,fail,541,0,0,0,fail,664,0,0,0,0,0,0,0
BinFill,27,0,fail,493,0,0,0,fail,249,0,0,0,fail,436,0,0,0,fail,415,0,0,0,0,0,0,0
BinFill,28,1,success,244,0,0,1,success,319,0,0,1,success,252,0,0,1,success,288,0,0,0,0,0,0,0
BinFill,29,0,fail,289,0,0,0,timeout,1300,0,0,0,fail,286,0,0,1,success,566,0,0,0,0,0,1,-1
BinFill,30,0,fail,689,0,0,0,timeout,1300,0,0,0,fail,798,0,0,0,fail,756,0,0,0,0,0,0,0
BinFill,31,0,fail,459,0,0,0,fail,1212,0,0,0,fail,593,0,0,0,fail,428,0,0,0,0,0,0,0
BinFill,32,1,success,671,0,0,0,fail,856,0,0,1,success,724,0,0,1,success,654,0,0,0,-1,1,0,0
BinFill,33,0,fail,745,0,0,0,timeout,1300,0,0,1,success,654,0,0,1,success,610,0,0,1,0,1,1,0
BinFill,34,1,success,600,0,0,1,success,862,0,0,1,success,623,0,0,0,fail,358,0,0,0,0,0,-1,1
BinFill,35,0,fail,941,0,0,0,timeout,1300,0,0,0,fail,1014,0,0,0,fail,775,0,0,0,0,0,0,0
BinFill,36,0,fail,254,0,0,0,fail,602,0,0,1,success,501,0,0,0,fail,240,0,0,1,0,1,0,1
BinFill,37,1,success,450,0,0,0,timeout,1300,0,0,0,fail,555,0,0,1,success,459,0,0,-1,-1,0,0,-1
BinFill,38,0,fail,635,0,0,0,fail,922,0,0,0,fail,702,0,0,1,success,670,0,0,0,0,0,1,-1
BinFill,39,0,fail,1067,0,0,0,timeout,1300,0,0,0,timeout,1300,0,0,0,fail,785,0,0,0,0,0,0,0
BinFill,40,0,fail,491,0,0,0,fail,771,0,0,0,fail,511,0,0,1,success,571,0,0,0,0,0,1,-1
BinFill,41,1,success,410,0,0,1,success,286,0,0,1,success,369,0,0,0,fail,207,0,0,0,0,0,-1,1
BinFill,42,1,success,498,0,0,0,timeout,1300,0,0,1,success,521,0,0,1,success,518,0,0,0,-1,1,0,0
BinFill,43,0,fail,444,0,0,0,timeout,1300,0,0,0,fail,472,0,0,1,success,739,0,0,0,0,0,1,-1
BinFill,44,1,success,261,0,0,1,success,315,0,0,1,success,281,0,0,1,success,245,0,0,0,0,0,0,0
BinFill,45,0,fail,391,0,0,0,fail,496,0,0,0,fail,414,0,0,0,fail,354,0,0,0,0,0,0,0
BinFill,46,0,fail,654,0,0,0,timeout,1300,0,0,0,fail,656,0,0,0,fail,764,0,0,0,0,0,0,0
BinFill,47,0,fail,669,0,0,0,timeout,1300,0,0,0,fail,893,0,0,0,fail,928,0,0,0,0,0,0,0
BinFill,48,1,success,278,0,0,0,timeout,1300,0,0,1,success,314,0,0,1,success,276,0,0,0,-1,1,0,0
BinFill,49,0,fail,424,0,0,0,timeout,1300,0,0,1,success,624,0,0,0,fail,412,0,0,1,0,1,0,1
StopCube,0,1,success,278,0,0,0,fail,320,0,0,1,success,280,0,0,1,success,279,0,0,0,-1,1,0,0
StopCube,1,0,fail,215,0,0,0,fail,240,0,0,1,success,214,0,0,0,fail,215,0,0,1,0,1,0,1
StopCube,2,0,fail,92,0,0,0,fail,127,0,0,0,fail,98,0,0,0,fail,88,0,0,0,0,0,0,0
StopCube,3,1,success,93,0,0,0,fail,120,0,0,0,fail,99,0,0,1,success,92,0,0,-1,-1,0,0,-1
StopCube,4,0,fail,95,0,0,0,fail,120,0,0,0,fail,100,0,0,1,success,94,0,0,0,0,0,1,-1
StopCube,5,0,fail,95,0,0,0,fail,120,0,0,0,fail,99,0,0,1,success,91,0,0,0,0,0,1,-1
StopCube,6,1,success,294,0,0,0,fail,360,0,0,0,fail,210,0,0,1,success,295,0,0,-1,-1,0,0,-1
StopCube,7,0,fail,180,0,0,0,fail,180,0,0,0,fail,180,0,0,0,fail,180,0,0,0,0,0,0,0
StopCube,8,0,fail,180,0,0,0,fail,180,0,0,0,fail,180,0,0,0,fail,180,0,0,0,0,0,0,0
StopCube,9,1,success,538,0,0,0,fail,600,0,0,1,success,541,0,0,0,fail,499,0,0,0,-1,1,-1,1
StopCube,10,0,fail,276,0,0,0,fail,360,0,0,0,fail,269,0,0,0,fail,309,0,0,0,0,0,0,0
StopCube,11,0,fail,216,0,0,0,fail,240,0,0,1,success,213,0,0,1,success,211,0,0,1,0,1,1,0
StopCube,12,0,fail,97,0,0,0,fail,150,0,0,0,fail,100,0,0,0,fail,93,0,0,0,0,0,0,0
StopCube,13,0,fail,126,0,0,0,fail,160,0,0,0,fail,160,0,0,0,fail,160,0,0,0,0,0,0,0
StopCube,14,1,success,178,0,0,1,success,186,0,0,0,fail,112,0,0,0,fail,156,0,0,-1,0,-1,-1,0
StopCube,15,1,success,364,0,0,0,fail,400,0,0,0,fail,400,0,0,1,success,360,0,0,-1,-1,0,0,-1
StopCube,16,1,success,424,0,0,0,fail,480,0,0,0,fail,329,0,0,1,success,415,0,0,-1,-1,0,0,-1
StopCube,17,1,success,123,0,0,0,fail,160,0,0,0,fail,106,0,0,0,fail,126,0,0,-1,-1,0,-1,0
StopCube,18,0,fail,309,0,0,0,fail,600,0,0,0,fail,436,0,0,0,fail,441,0,0,0,0,0,0,0
StopCube,19,1,success,205,0,0,0,fail,240,0,0,0,fail,240,0,0,1,success,204,0,0,-1,-1,0,0,-1
StopCube,20,0,fail,366,0,0,0,fail,400,0,0,0,fail,377,0,0,0,fail,352,0,0,0,0,0,0,0
StopCube,21,1,success,361,0,0,0,fail,400,0,0,0,fail,315,0,0,0,fail,354,0,0,-1,-1,0,-1,0
StopCube,22,1,success,179,0,0,0,fail,115,0,0,1,success,177,0,0,0,fail,149,0,0,0,-1,1,-1,1
StopCube,23,0,fail,209,0,0,0,fail,360,0,0,0,fail,286,0,0,0,fail,219,0,0,0,0,0,0,0
StopCube,24,1,success,359,0,0,0,fail,400,0,0,0,fail,400,0,0,0,fail,400,0,0,-1,-1,0,-1,0
StopCube,25,1,success,214,0,0,0,fail,240,0,0,1,success,212,0,0,1,success,214,0,0,0,-1,1,0,0
StopCube,26,1,success,280,0,0,0,fail,320,0,0,0,fail,294,0,0,1,success,285,0,0,-1,-1,0,0,-1
StopCube,27,0,fail,95,0,0,0,fail,120,0,0,0,fail,98,0,0,1,success,93,0,0,0,0,0,1,-1
StopCube,28,1,success,541,0,0,0,fail,600,0,0,0,fail,510,0,0,1,success,539,0,0,-1,-1,0,0,-1
StopCube,29,1,success,199,0,0,0,fail,240,0,0,1,success,200,0,0,1,success,201,0,0,0,-1,1,0,0
StopCube,30,0,fail,192,0,0,0,fail,172,0,0,0,fail,178,0,0,1,success,203,0,0,0,0,0,1,-1
StopCube,31,0,fail,207,0,0,0,fail,240,0,0,0,fail,207,0,0,0,fail,206,0,0,0,0,0,0,0
StopCube,32,1,success,120,0,0,0,fail,94,0,0,0,fail,98,0,0,1,success,117,0,0,-1,-1,0,0,-1
StopCube,33,1,success,540,0,0,0,fail,600,0,0,0,fail,549,0,0,0,fail,515,0,0,-1,-1,0,-1,0
StopCube,34,0,fail,281,0,0,0,fail,360,0,0,0,fail,283,0,0,0,fail,261,0,0,0,0,0,0,0
StopCube,35,1,success,360,0,0,0,fail,400,0,0,0,fail,400,0,0,1,success,359,0,0,-1,-1,0,0,-1
StopCube,36,0,fail,240,0,0,0,fail,240,0,0,0,fail,213,0,0,0,fail,240,0,0,0,0,0,0,0
StopCube,37,0,fail,212,0,0,0,fail,157,0,0,0,fail,270,0,0,0,fail,267,0,0,0,0,0,0,0
StopCube,38,0,fail,209,0,0,0,fail,360,0,0,0,fail,270,0,0,0,fail,193,0,0,0,0,0,0,0
StopCube,39,1,success,298,0,0,1,success,299,0,0,0,fail,278,0,0,1,success,297,0,0,-1,0,-1,0,-1
StopCube,40,1,success,122,0,0,0,fail,160,0,0,1,success,121,0,0,1,success,121,0,0,0,-1,1,0,0
StopCube,41,1,success,359,0,0,0,fail,400,0,0,0,fail,370,0,0,1,success,357,0,0,-1,-1,0,0,-1
StopCube,42,0,fail,207,0,0,0,fail,240,0,0,0,fail,206,0,0,0,fail,209,0,0,0,0,0,0,0
StopCube,43,1,success,94,0,0,0,fail,120,0,0,0,fail,98,0,0,0,fail,95,0,0,-1,-1,0,-1,0
StopCube,44,0,fail,120,0,0,0,fail,97,0,0,0,fail,120,0,0,1,success,93,0,0,0,0,0,1,-1
StopCube,45,1,success,283,0,0,0,fail,320,0,0,0,fail,320,0,0,1,success,283,0,0,-1,-1,0,0,-1
StopCube,46,0,fail,510,0,0,0,fail,600,0,0,0,fail,510,0,0,0,fail,510,0,0,0,0,0,0,0
StopCube,47,0,fail,215,0,0,0,fail,240,0,0,0,fail,220,0,0,0,fail,218,0,0,0,0,0,0,0
StopCube,48,1,success,424,0,0,0,fail,480,0,0,0,fail,407,0,0,0,fail,408,0,0,-1,-1,0,-1,0
StopCube,49,0,fail,96,0,0,0,fail,160,0,0,0,fail,99,0,0,0,fail,97,0,0,0,0,0,0,0
PickXtimes,0,0,fail,432,0,0,0,timeout,1300,0,0,0,fail,475,0,0,1,success,599,0,0,0,0,0,1,-1
PickXtimes,1,1,success,254,0,0,1,success,576,0,0,1,success,272,0,0,1,success,233,0,0,0,0,0,0,0
PickXtimes,2,1,success,281,0,0,1,success,431,0,0,1,success,298,0,0,1,success,396,0,0,0,0,0,0,0
PickXtimes,3,1,success,767,0,0,0,timeout,1300,0,0,0,fail,762,0,0,1,success,752,0,0,-1,-1,0,0,-1
PickXtimes,4,1,success,424,0,0,0,timeout,1300,0,0,1,success,443,0,0,0,fail,494,0,0,0,-1,1,-1,1
PickXtimes,5,1,success,412,0,0,0,fail,605,0,0,1,success,419,0,0,1,success,385,0,0,0,-1,1,0,0
PickXtimes,6,1,success,344,0,0,1,success,606,0,0,1,success,369,0,0,1,success,399,0,0,0,0,0,0,0
PickXtimes,7,1,success,814,0,0,0,timeout,1300,0,0,1,success,875,0,0,0,fail,809,0,0,0,-1,1,-1,1
PickXtimes,8,1,success,399,0,0,1,success,1276,0,0,1,success,422,0,0,1,success,418,0,0,0,0,0,0,0
PickXtimes,9,1,success,427,0,0,0,timeout,1300,0,0,1,success,455,0,0,1,success,396,0,0,0,-1,1,0,0
PickXtimes,10,1,success,276,0,0,0,timeout,1300,0,0,1,success,289,0,0,1,success,289,0,0,0,-1,1,0,0
PickXtimes,11,1,success,868,0,0,0,timeout,1300,0,0,0,fail,781,0,0,0,fail,592,0,0,-1,-1,0,-1,0
PickXtimes,12,1,success,590,0,0,0,timeout,1300,0,0,0,fail,532,0,0,0,fail,522,0,0,-1,-1,0,-1,0
PickXtimes,13,1,success,275,0,0,1,success,495,0,0,1,success,335,0,0,1,success,244,0,0,0,0,0,0,0
PickXtimes,14,1,success,319,0,0,1,success,368,0,0,1,success,397,0,0,1,success,308,0,0,0,0,0,0,0
PickXtimes,15,1,success,720,0,0,0,fail,1227,0,0,0,fail,608,0,0,0,fail,653,0,0,-1,-1,0,-1,0
PickXtimes,16,1,success,279,0,0,1,success,496,0,0,1,success,309,0,0,1,success,254,0,0,0,0,0,0,0
PickXtimes,17,1,success,579,0,0,0,timeout,1300,0,0,0,fail,483,0,0,1,success,534,0,0,-1,-1,0,0,-1
PickXtimes,18,1,success,416,0,0,0,timeout,1300,0,0,1,success,354,0,0,1,success,438,0,0,0,-1,1,0,0
PickXtimes,19,1,success,839,0,0,0,timeout,1300,0,0,1,success,800,0,0,0,fail,831,0,0,0,-1,1,-1,1
PickXtimes,20,1,success,455,0,0,0,fail,576,0,0,1,success,477,0,0,1,success,418,0,0,0,-1,1,0,0
PickXtimes,21,1,success,271,0,0,1,success,320,0,0,1,success,286,0,0,1,success,256,0,0,0,0,0,0,0
PickXtimes,22,1,success,568,0,0,0,timeout,1300,0,0,0,fail,508,0,0,1,success,634,0,0,-1,-1,0,0,-1
PickXtimes,23,1,success,856,0,0,0,fail,813,0,0,1,success,826,0,0,0,fail,710,0,0,0,-1,1,-1,1
PickXtimes,24,1,success,620,0,0,0,timeout,1300,0,0,0,fail,504,0,0,1,success,562,0,0,-1,-1,0,0,-1
PickXtimes,25,1,success,433,0,0,0,fail,912,0,0,1,success,476,0,0,1,success,398,0,0,0,-1,1,0,0
PickXtimes,26,1,success,537,0,0,0,timeout,1300,0,0,1,success,572,0,0,0,fail,456,0,0,0,-1,1,-1,1
PickXtimes,27,1,success,687,0,0,0,timeout,1300,0,0,1,success,717,0,0,1,success,878,0,0,0,-1,1,0,0
PickXtimes,28,1,success,436,0,0,0,timeout,1300,0,0,1,success,472,0,0,1,success,402,0,0,0,-1,1,0,0
PickXtimes,29,1,success,288,0,0,1,success,479,0,0,1,success,312,0,0,1,success,323,0,0,0,0,0,0,0
PickXtimes,30,1,success,291,0,0,1,success,367,0,0,1,success,301,0,0,1,success,262,0,0,0,0,0,0,0
PickXtimes,31,1,success,714,0,0,0,timeout,1300,0,0,0,fail,603,0,0,0,fail,602,0,0,-1,-1,0,-1,0
PickXtimes,32,1,success,542,0,0,0,fail,1279,0,0,0,fail,413,0,0,1,success,620,0,0,-1,-1,0,0,-1
PickXtimes,33,1,success,276,0,0,0,timeout,1300,0,0,1,success,285,0,0,1,success,255,0,0,0,-1,1,0,0
PickXtimes,34,1,success,265,0,0,1,success,1053,0,0,1,success,280,0,0,1,success,284,0,0,0,0,0,0,0
PickXtimes,35,1,success,783,0,0,0,timeout,1300,0,0,1,success,831,0,0,0,fail,619,0,0,0,-1,1,-1,1
PickXtimes,36,1,success,320,0,0,1,success,454,0,0,1,success,326,0,0,1,success,306,0,0,0,0,0,0,0
PickXtimes,37,1,success,603,0,0,0,fail,1011,0,0,1,success,645,0,0,1,success,532,0,0,0,-1,1,0,0
PickXtimes,38,1,success,639,0,0,0,timeout,1300,0,0,1,success,663,0,0,0,fail,469,0,0,0,-1,1,-1,1
PickXtimes,39,1,success,744,0,0,0,timeout,1300,0,0,1,success,812,0,0,1,success,711,0,0,0,-1,1,0,0
PickXtimes,40,1,success,544,0,0,0,fail,751,0,0,1,success,568,0,0,1,success,499,0,0,0,-1,1,0,0
PickXtimes,41,1,success,285,0,0,1,success,427,0,0,1,success,301,0,0,1,success,319,0,0,0,0,0,0,0
PickXtimes,42,1,success,400,0,0,0,timeout,1300,0,0,1,success,415,0,0,1,success,366,0,0,0,-1,1,0,0
PickXtimes,43,0,fail,718,0,0,0,timeout,1300,0,0,1,success,781,0,0,1,success,881,0,0,1,0,1,1,0
PickXtimes,44,1,success,436,0,0,0,timeout,1300,0,0,1,success,472,0,0,1,success,485,0,0,0,-1,1,0,0
PickXtimes,45,1,success,259,0,0,1,success,251,0,0,1,success,282,0,0,1,success,251,0,0,0,0,0,0,0
PickXtimes,46,1,success,547,0,0,1,success,1264,0,0,1,success,583,0,0,1,success,654,0,0,0,0,0,0,0
PickXtimes,47,1,success,865,0,0,0,timeout,1300,0,0,0,fail,811,0,0,0,fail,936,0,0,-1,-1,0,-1,0
PickXtimes,48,1,success,560,0,0,0,fail,1287,0,0,1,success,584,0,0,0,fail,534,0,0,0,-1,1,-1,1
PickXtimes,49,1,success,278,0,0,1,success,495,0,0,1,success,290,0,0,1,success,259,0,0,0,0,0,0,0
SwingXtimes,0,1,success,415,0,0,0,fail,286,0,0,1,success,429,0,0,1,success,380,0,0,0,-1,1,0,0
SwingXtimes,1,1,success,467,0,0,0,fail,834,0,0,1,success,484,0,0,1,success,421,0,0,0,-1,1,0,0
SwingXtimes,2,1,success,426,0,0,1,success,479,0,0,1,success,457,0,0,1,success,403,0,0,0,0,0,0,0
SwingXtimes,3,1,success,471,0,0,0,fail,720,0,0,1,success,486,0,0,1,success,431,0,0,0,-1,1,0,0
SwingXtimes,4,1,success,486,0,0,0,fail,480,0,0,1,success,498,0,0,0,fail,396,0,0,0,-1,1,-1,1
SwingXtimes,5,1,success,312,0,0,1,success,1277,0,0,1,success,315,0,0,1,success,300,0,0,0,0,0,0,0
SwingXtimes,6,1,success,316,0,0,0,timeout,1300,0,0,1,success,333,0,0,1,success,337,0,0,0,-1,1,0,0
SwingXtimes,7,1,success,502,0,0,0,fail,864,0,0,1,success,525,0,0,1,success,432,0,0,0,-1,1,0,0
SwingXtimes,8,1,success,466,0,0,0,fail,680,0,0,1,success,483,0,0,0,fail,347,0,0,0,-1,1,-1,1
SwingXtimes,9,1,success,498,0,0,0,fail,502,0,0,0,fail,520,0,0,1,success,454,0,0,-1,-1,0,0,-1
SwingXtimes,10,1,success,307,0,0,0,fail,286,0,0,1,success,310,0,0,1,success,276,0,0,0,-1,1,0,0
SwingXtimes,11,0,fail,509,0,0,0,timeout,1300,0,0,1,success,526,0,0,1,success,464,0,0,1,0,1,1,0
SwingXtimes,12,1,success,426,0,0,0,fail,320,0,0,1,success,440,0,0,1,success,399,0,0,0,-1,1,0,0
SwingXtimes,13,1,success,429,0,0,0,fail,196,0,0,1,success,456,0,0,0,fail,306,0,0,0,-1,1,-1,1
SwingXtimes,14,1,success,278,0,0,1,success,624,0,0,1,success,304,0,0,1,success,257,0,0,0,0,0,0,0
SwingXtimes,15,0,fail,335,0,0,0,fail,559,0,0,0,fail,350,0,0,0,fail,309,0,0,0,0,0,0,0
SwingXtimes,16,1,success,420,0,0,1,success,1280,0,0,1,success,430,0,0,1,success,427,0,0,0,0,0,0,0
SwingXtimes,17,1,success,460,0,0,0,fail,464,0,0,1,success,487,0,0,1,success,483,0,0,0,-1,1,0,0
SwingXtimes,18,1,success,389,0,0,0,fail,431,0,0,1,success,416,0,0,0,fail,284,0,0,0,-1,1,-1,1
SwingXtimes,19,1,success,470,0,0,0,timeout,1300,0,0,1,success,498,0,0,0,fail,369,0,0,0,-1,1,-1,1
SwingXtimes,20,1,success,331,0,0,1,success,333,0,0,1,success,355,0,0,1,success,307,0,0,0,0,0,0,0
SwingXtimes,21,1,success,508,0,0,0,fail,415,0,0,1,success,617,0,0,1,success,477,0,0,0,-1,1,0,0
SwingXtimes,22,1,success,325,0,0,1,success,1274,0,0,1,success,337,0,0,1,success,303,0,0,0,0,0,0,0
SwingXtimes,23,0,fail,539,0,0,0,fail,446,0,0,1,success,569,0,0,1,success,496,0,0,1,0,1,1,0
SwingXtimes,24,1,success,502,0,0,0,fail,288,0,0,1,success,523,0,0,1,success,469,0,0,0,-1,1,0,0
SwingXtimes,25,1,success,472,0,0,0,timeout,1300,0,0,1,success,506,0,0,1,success,490,0,0,0,-1,1,0,0
SwingXtimes,26,1,success,427,0,0,0,fail,237,0,0,1,success,449,0,0,1,success,452,0,0,0,-1,1,0,0
SwingXtimes,27,1,success,476,0,0,0,timeout,1300,0,0,0,fail,508,0,0,0,fail,496,0,0,-1,-1,0,-1,0
SwingXtimes,28,1,success,507,0,0,0,timeout,1300,0,0,1,success,524,0,0,1,success,469,0,0,0,-1,1,0,0
SwingXtimes,29,1,success,475,0,0,0,fail,529,0,0,1,success,506,0,0,1,success,433,0,0,0,-1,1,0,0
SwingXtimes,30,1,success,413,0,0,0,fail,448,0,0,1,success,428,0,0,0,fail,403,0,0,0,-1,1,-1,1
SwingXtimes,31,1,success,472,0,0,0,fail,404,0,0,0,fail,411,0,0,0,fail,368,0,0,-1,-1,0,-1,0
SwingXtimes,32,0,fail,337,0,0,0,fail,361,0,0,1,success,412,0,0,0,fail,287,0,0,1,0,1,0,1
SwingXtimes,33,1,success,319,0,0,0,timeout,1300,0,0,1,success,340,0,0,1,success,305,0,0,0,-1,1,0,0
SwingXtimes,34,1,success,291,0,0,1,success,976,0,0,1,success,311,0,0,1,success,276,0,0,0,0,0,0,0
SwingXtimes,35,1,success,522,0,0,0,fail,488,0,0,1,success,526,0,0,1,success,473,0,0,0,-1,1,0,0
SwingXtimes,36,1,success,404,0,0,0,fail,364,0,0,1,success,424,0,0,1,success,444,0,0,0,-1,1,0,0
SwingXtimes,37,1,success,402,0,0,0,fail,496,0,0,1,success,427,0,0,1,success,380,0,0,0,-1,1,0,0
SwingXtimes,38,1,success,317,0,0,1,success,317,0,0,1,success,339,0,0,1,success,295,0,0,0,0,0,0,0
SwingXtimes,39,1,success,491,0,0,0,fail,748,0,0,1,success,536,0,0,1,success,452,0,0,0,-1,1,0,0
SwingXtimes,40,1,success,286,0,0,0,fail,209,0,0,1,success,308,0,0,1,success,273,0,0,0,-1,1,0,0
SwingXtimes,41,1,success,318,0,0,1,success,384,0,0,1,success,324,0,0,1,success,292,0,0,0,0,0,0,0
SwingXtimes,42,1,success,374,0,0,0,timeout,1300,0,0,1,success,410,0,0,1,success,347,0,0,0,-1,1,0,0
SwingXtimes,43,1,success,487,0,0,0,fail,437,0,0,1,success,502,0,0,1,success,500,0,0,0,-1,1,0,0
SwingXtimes,44,1,success,297,0,0,0,timeout,1300,0,0,1,success,319,0,0,1,success,278,0,0,0,-1,1,0,0
SwingXtimes,45,1,success,469,0,0,1,success,863,0,0,1,success,496,0,0,1,success,426,0,0,0,0,0,0,0
SwingXtimes,46,1,success,331,0,0,0,fail,435,0,0,1,success,352,0,0,1,success,308,0,0,0,-1,1,0,0
SwingXtimes,47,1,success,486,0,0,0,fail,476,0,0,1,success,496,0,0,1,success,444,0,0,0,-1,1,0,0
SwingXtimes,48,0,fail,397,0,0,0,fail,237,0,0,1,success,342,0,0,1,success,313,0,0,1,0,1,1,0
SwingXtimes,49,1,success,350,0,0,0,timeout,1300,0,0,1,success,371,0,0,1,success,334,0,0,0,-1,1,0,0
ButtonUnmask,0,0,fail,229,0,0,0,fail,413,0,0,0,fail,235,0,0,0,fail,210,0,0,0,0,0,0,0
ButtonUnmask,1,0,fail,231,0,0,0,timeout,1300,0,0,0,fail,239,0,0,0,fail,215,0,0,0,0,0,0,0
ButtonUnmask,2,1,success,227,0,0,1,success,326,0,0,1,success,237,0,0,1,success,214,0,0,0,0,0,0,0
ButtonUnmask,3,0,fail,231,0,0,0,fail,960,0,0,0,fail,238,0,0,0,fail,216,0,0,0,0,0,0,0
ButtonUnmask,4,0,fail,223,0,0,0,timeout,1300,0,0,0,fail,237,0,0,1,success,205,0,0,0,0,0,1,-1
ButtonUnmask,5,1,success,220,0,0,0,fail,356,0,0,1,success,244,0,0,1,success,203,0,0,0,-1,1,0,0
ButtonUnmask,6,0,fail,332,0,0,0,fail,314,0,0,0,fail,328,0,0,0,fail,359,0,0,0,0,0,0,0
ButtonUnmask,7,0,fail,225,0,0,0,fail,474,0,0,0,fail,232,0,0,0,fail,212,0,0,0,0,0,0,0
ButtonUnmask,8,0,fail,232,0,0,1,success,347,0,0,0,fail,245,0,0,0,fail,216,0,0,0,1,-1,0,0
ButtonUnmask,9,1,success,347,0,0,0,timeout,1300,0,0,0,fail,245,0,0,0,fail,220,0,0,-1,-1,0,-1,0
ButtonUnmask,10,0,fail,220,0,0,0,fail,794,0,0,1,success,243,0,0,0,fail,204,0,0,1,0,1,0,1
ButtonUnmask,11,0,fail,540,0,0,0,timeout,1300,0,0,1,success,414,0,0,0,fail,286,0,0,1,0,1,0,1
ButtonUnmask,12,0,fail,228,0,0,0,fail,617,0,0,0,fail,237,0,0,0,fail,216,0,0,0,0,0,0,0
ButtonUnmask,13,0,fail,236,0,0,1,success,325,0,0,0,fail,247,0,0,0,fail,218,0,0,0,1,-1,0,0
ButtonUnmask,14,0,fail,218,0,0,1,success,209,0,0,1,success,234,0,0,1,success,212,0,0,1,1,0,1,0
ButtonUnmask,15,0,fail,219,0,0,0,timeout,1300,0,0,0,fail,230,0,0,0,fail,206,0,0,0,0,0,0,0
ButtonUnmask,16,1,success,239,0,0,1,success,1062,0,0,0,fail,238,0,0,0,fail,208,0,0,-1,0,-1,-1,0
ButtonUnmask,17,1,success,233,0,0,1,success,699,0,0,1,success,242,0,0,0,fail,231,0,0,0,0,0,-1,1
ButtonUnmask,18,0,fail,216,0,1,0,fail,225,0,0,0,fail,223,0,0,0,fail,202,0,0,0,0,0,0,0
ButtonUnmask,19,0,fail,222,0,0,0,fail,922,0,0,0,fail,233,0,0,0,fail,208,0,0,0,0,0,0,0
ButtonUnmask,20,1,success,230,0,0,0,timeout,1300,0,0,1,success,244,0,0,1,success,216,0,0,0,-1,1,0,0
ButtonUnmask,21,0,fail,314,0,0,0,timeout,1300,0,0,0,fail,243,0,0,0,fail,217,0,0,0,0,0,0,0
ButtonUnmask,22,0,fail,224,0,0,0,timeout,1300,0,0,0,fail,243,0,0,0,fail,206,0,0,0,0,0,0,0
ButtonUnmask,23,0,fail,221,0,0,0,fail,774,0,0,0,fail,242,0,0,0,fail,207,0,0,0,0,0,0,0
ButtonUnmask,24,1,success,231,0,0,0,timeout,1300,0,0,1,success,244,0,0,1,success,217,0,0,0,-1,1,0,0
ButtonUnmask,25,0,fail,220,0,0,0,fail,411,0,0,1,success,238,0,0,0,fail,267,0,0,1,0,1,0,1
ButtonUnmask,26,0,fail,243,0,0,0,fail,303,0,0,0,fail,260,0,0,0,fail,307,0,0,0,0,0,0,0
ButtonUnmask,27,0,fail,222,0,0,0,timeout,1300,0,0,0,fail,231,0,0,0,fail,206,0,0,0,0,0,0,0
ButtonUnmask,28,1,success,223,0,0,0,timeout,1300,0,0,1,success,237,0,0,0,fail,208,0,0,0,-1,1,-1,1
ButtonUnmask,29,0,fail,215,0,0,1,success,815,0,1,0,fail,229,0,0,0,fail,202,0,0,0,1,-1,0,0
ButtonUnmask,30,0,fail,246,0,0,0,timeout,1300,0,0,0,fail,379,0,0,0,fail,309,0,0,0,0,0,0,0
ButtonUnmask,31,0,fail,399,0,0,0,fail,633,0,0,0,fail,277,0,0,0,fail,247,0,0,0,0,0,0,0
ButtonUnmask,32,0,fail,316,0,0,0,fail,707,0,0,0,fail,232,0,0,0,fail,297,0,0,0,0,0,0,0
ButtonUnmask,33,0,fail,217,0,0,1,success,505,0,1,0,fail,232,0,0,0,fail,297,0,0,0,1,-1,0,0
ButtonUnmask,34,0,fail,227,0,0,0,timeout,1300,0,0,0,fail,238,0,0,0,fail,204,0,0,0,0,0,0,0
ButtonUnmask,35,0,fail,240,0,0,0,timeout,1300,0,0,0,fail,342,0,1,0,fail,312,0,1,0,0,0,0,0
ButtonUnmask,36,0,fail,223,0,1,0,fail,326,0,0,0,fail,232,0,0,1,success,212,0,1,0,0,0,1,-1
ButtonUnmask,37,1,success,231,0,0,0,timeout,1300,0,0,1,success,243,0,1,1,success,215,0,0,0,-1,1,0,0
ButtonUnmask,38,0,fail,235,0,1,0,fail,774,0,0,0,fail,245,0,0,0,fail,215,0,0,0,0,0,0,0
ButtonUnmask,39,0,fail,336,0,0,0,timeout,1300,0,0,0,fail,233,0,0,0,fail,213,0,0,0,0,0,0,0
ButtonUnmask,40,1,success,227,0,0,1,success,669,0,1,1,success,236,0,0,1,success,214,0,0,0,0,0,0,0
ButtonUnmask,41,0,fail,205,0,0,0,fail,314,0,0,0,fail,217,0,0,0,fail,193,0,0,0,0,0,0,0
ButtonUnmask,42,0,fail,229,0,0,0,timeout,1300,0,0,0,fail,243,0,0,0,fail,219,0,0,0,0,0,0,0
ButtonUnmask,43,0,fail,243,0,0,0,fail,874,0,0,0,fail,232,0,0,0,fail,314,0,1,0,0,0,0,0
ButtonUnmask,44,0,fail,239,0,0,0,fail,671,0,0,0,fail,339,0,0,0,fail,282,0,1,0,0,0,0,0
ButtonUnmask,45,1,success,231,0,0,0,timeout,1300,0,0,1,success,242,0,0,1,success,214,0,0,0,-1,1,0,0
ButtonUnmask,46,0,fail,226,0,0,0,fail,331,0,0,0,fail,236,0,1,0,fail,207,0,0,0,0,0,0,0
ButtonUnmask,47,0,fail,264,0,1,0,fail,632,0,0,0,fail,236,0,0,0,fail,215,0,0,0,0,0,0,0
ButtonUnmask,48,0,fail,231,0,0,0,fail,327,0,0,0,fail,237,0,0,0,fail,218,0,0,0,0,0,0,0
ButtonUnmask,49,0,fail,223,0,0,0,timeout,1300,0,0,0,fail,233,0,0,0,fail,217,0,0,0,0,0,0,0
VideoUnmask,0,1,success,99,0,0,1,success,138,0,0,1,success,100,0,0,1,success,91,0,0,0,0,0,0,0
VideoUnmask,1,0,fail,106,0,0,0,fail,1176,0,0,0,fail,105,0,0,0,fail,102,0,0,0,0,0,0,0
VideoUnmask,2,0,fail,97,0,0,0,fail,112,0,0,0,fail,100,0,0,0,fail,91,0,0,0,0,0,0,0
VideoUnmask,3,0,fail,104,0,0,0,fail,257,0,0,0,fail,109,0,0,0,fail,92,0,0,0,0,0,0,0
VideoUnmask,4,1,success,117,0,0,1,success,704,0,0,1,success,116,0,0,1,success,106,0,0,0,0,0,0,0
VideoUnmask,5,1,success,104,0,0,1,success,96,0,0,1,success,107,0,0,1,success,92,0,0,0,0,0,0,0
VideoUnmask,6,0,fail,111,0,0,0,fail,109,0,0,0,fail,114,0,0,0,fail,108,0,0,0,0,0,0,0
VideoUnmask,7,0,fail,100,0,0,0,fail,329,0,0,0,fail,107,0,0,0,fail,151,0,0,0,0,0,0,0
VideoUnmask,8,0,fail,104,0,0,0,fail,107,0,0,0,fail,108,0,0,0,fail,157,0,0,0,0,0,0,0
VideoUnmask,9,1,success,111,0,0,1,success,110,0,0,1,success,115,0,0,1,success,105,0,0,0,0,0,0,0
VideoUnmask,10,0,fail,105,0,0,0,fail,161,0,0,0,fail,115,0,0,0,fail,104,0,0,0,0,0,0,0
VideoUnmask,11,0,fail,104,0,0,0,fail,158,0,0,0,fail,107,0,0,0,fail,95,0,0,0,0,0,0,0
VideoUnmask,12,0,fail,103,0,0,0,fail,134,0,0,0,fail,105,0,0,0,fail,151,0,0,0,0,0,0,0
VideoUnmask,13,0,fail,104,0,0,0,fail,103,0,0,0,fail,109,0,0,0,fail,92,0,0,0,0,0,0,0
VideoUnmask,14,0,fail,99,0,0,0,fail,106,0,0,0,fail,103,0,0,0,fail,90,0,0,0,0,0,0,0
VideoUnmask,15,1,success,268,0,0,0,timeout,1300,0,0,1,success,279,0,0,1,success,299,0,0,0,-1,1,0,0
VideoUnmask,16,1,success,102,0,0,1,success,155,0,0,1,success,102,0,0,1,success,88,0,0,0,0,0,0,0
VideoUnmask,17,0,fail,106,0,0,0,fail,270,0,0,0,fail,109,0,0,0,fail,91,0,0,0,0,0,0,0
VideoUnmask,18,0,fail,104,0,0,0,fail,97,0,0,0,fail,106,0,0,0,fail,156,0,0,0,0,0,0,0
VideoUnmask,19,1,success,252,0,0,0,timeout,1300,0,0,1,success,265,0,0,1,success,233,0,0,0,-1,1,0,0
VideoUnmask,20,1,success,109,0,0,1,success,754,0,0,1,success,110,0,0,1,success,105,0,0,0,0,0,0,0
VideoUnmask,21,1,success,106,0,0,1,success,133,0,0,1,success,101,0,0,1,success,93,0,0,0,0,0,0,0
VideoUnmask,22,1,success,103,0,0,1,success,108,0,0,1,success,105,0,0,1,success,93,0,0,0,0,0,0,0
VideoUnmask,23,0,fail,400,0,0,0,fail,383,0,0,1,success,295,0,0,0,timeout,1300,0,0,1,0,1,0,1
VideoUnmask,24,0,fail,107,0,0,0,fail,156,0,0,0,fail,109,0,0,0,fail,91,0,0,0,0,0,0,0
VideoUnmask,25,0,fail,105,0,0,0,fail,101,0,0,0,fail,105,0,0,0,fail,95,0,0,0,0,0,0,0
VideoUnmask,26,0,fail,97,0,0,0,fail,152,0,0,0,fail,98,0,0,0,fail,88,0,0,0,0,0,0,0
VideoUnmask,27,0,fail,102,0,0,0,timeout,1300,0,0,0,fail,102,0,0,0,fail,91,0,0,0,0,0,0,0
VideoUnmask,28,0,fail,109,0,0,1,success,382,0,0,0,fail,115,0,0,0,fail,101,0,0,0,1,-1,0,0
VideoUnmask,29,1,success,106,0,0,1,success,110,0,0,0,fail,107,0,0,0,fail,93,0,0,-1,0,-1,-1,0
VideoUnmask,30,1,success,96,0,0,1,success,92,0,0,1,success,98,0,0,1,success,91,0,0,0,0,0,0,0
VideoUnmask,31,0,fail,103,0,0,0,fail,648,0,0,0,fail,105,0,0,0,fail,92,0,0,0,0,0,0,0
VideoUnmask,32,1,success,114,0,0,1,success,128,0,0,1,success,117,0,0,1,success,108,0,0,0,0,0,0,0
VideoUnmask,33,0,fail,104,0,0,0,fail,117,0,0,0,fail,106,0,0,0,fail,168,0,0,0,0,0,0,0
VideoUnmask,34,0,fail,109,0,0,0,fail,125,0,0,0,fail,110,0,0,0,fail,106,0,0,0,0,0,0,0
VideoUnmask,35,0,fail,115,0,0,0,fail,700,0,0,0,fail,117,0,0,0,fail,109,0,0,0,0,0,0,0
VideoUnmask,36,0,fail,118,0,0,0,fail,154,0,0,0,fail,123,0,0,0,fail,104,0,0,0,0,0,0,0
VideoUnmask,37,0,fail,104,0,0,0,fail,92,0,0,0,fail,105,0,0,0,fail,151,0,0,0,0,0,0,0
VideoUnmask,38,0,fail,106,0,0,0,fail,155,0,0,0,fail,108,0,0,0,fail,91,0,0,0,0,0,0,0
VideoUnmask,39,0,fail,112,0,0,0,fail,649,0,0,0,fail,116,0,0,0,fail,105,0,0,0,0,0,0,0
VideoUnmask,40,1,success,96,0,0,1,success,160,0,0,1,success,98,0,0,1,success,91,0,0,0,0,0,0,0
VideoUnmask,41,1,success,107,0,0,1,success,448,0,0,1,success,109,0,0,1,success,94,0,0,0,0,0,0,0
VideoUnmask,42,0,fail,97,0,0,0,fail,390,0,0,0,fail,105,0,0,0,fail,91,0,0,0,0,0,0,0
VideoUnmask,43,0,fail,111,0,0,0,fail,485,0,0,0,fail,114,0,0,0,fail,104,0,0,0,0,0,0,0
VideoUnmask,44,0,fail,101,0,0,0,fail,108,0,0,0,fail,103,0,0,0,fail,153,0,0,0,0,0,0,0
VideoUnmask,45,1,success,98,0,0,1,success,92,0,0,1,success,100,0,0,1,success,91,0,0,0,0,0,0,0
VideoUnmask,46,1,success,112,0,0,1,success,173,0,0,1,success,116,0,0,1,success,105,0,0,0,0,0,0,0
VideoUnmask,47,1,success,311,0,0,0,timeout,1300,0,0,1,success,327,0,0,0,fail,249,0,0,0,-1,1,-1,1
VideoUnmask,48,0,fail,108,0,0,0,fail,93,0,0,0,fail,112,0,0,0,fail,101,0,0,0,0,0,0,0
VideoUnmask,49,1,success,108,0,0,0,fail,607,0,0,0,fail,99,0,0,0,fail,91,0,0,-1,-1,0,-1,0
VideoUnmaskSwap,0,0,fail,108,0,0,0,fail,240,0,0,0,fail,115,0,0,0,fail,94,0,0,0,0,0,0,0
VideoUnmaskSwap,1,0,fail,107,0,0,0,fail,168,0,0,0,fail,102,0,0,0,fail,93,0,0,0,0,0,0,0
VideoUnmaskSwap,2,0,fail,112,0,0,0,timeout,1300,0,0,0,fail,111,0,0,0,fail,88,0,0,0,0,0,0,0
VideoUnmaskSwap,3,0,fail,112,0,0,0,timeout,1300,0,0,0,fail,114,0,0,0,fail,153,0,0,0,0,0,0,0
VideoUnmaskSwap,4,0,fail,114,0,0,0,fail,157,0,0,0,fail,121,0,0,0,fail,105,0,0,0,0,0,0,0
VideoUnmaskSwap,5,0,fail,112,0,0,0,fail,156,0,0,0,fail,116,0,0,0,fail,94,0,0,0,0,0,0,0
VideoUnmaskSwap,6,0,fail,100,0,0,0,fail,155,0,0,0,fail,102,0,0,0,fail,148,0,0,0,0,0,0,0
VideoUnmaskSwap,7,0,fail,475,0,0,0,timeout,1300,0,0,0,fail,710,0,0,0,fail,853,0,0,0,0,0,0,0
VideoUnmaskSwap,8,0,fail,103,0,0,0,fail,154,0,0,0,fail,102,0,0,0,fail,93,0,0,0,0,0,0,0
VideoUnmaskSwap,9,0,fail,109,0,0,0,fail,492,0,0,0,fail,117,0,0,0,fail,94,0,0,0,0,0,0,0
VideoUnmaskSwap,10,1,success,106,0,0,1,success,682,0,0,1,success,110,0,0,1,success,92,0,0,0,0,0,0,0
VideoUnmaskSwap,11,0,fail,109,0,0,0,fail,476,0,0,0,fail,112,0,0,0,fail,94,0,0,0,0,0,0,0
VideoUnmaskSwap,12,1,success,107,0,0,1,success,163,0,0,0,fail,117,0,0,0,fail,156,0,0,-1,0,-1,-1,0
VideoUnmaskSwap,13,1,success,111,0,0,1,success,186,0,0,1,success,119,0,0,1,success,105,0,0,0,0,0,0,0
VideoUnmaskSwap,14,0,fail,110,0,0,0,fail,169,0,0,0,fail,118,0,0,0,fail,153,0,0,0,0,0,0,0
VideoUnmaskSwap,15,0,fail,107,0,0,0,timeout,1300,0,0,0,fail,110,0,0,0,fail,102,0,0,0,0,0,0,0
VideoUnmaskSwap,16,1,success,105,0,0,1,success,157,0,0,1,success,110,0,0,0,fail,93,0,0,0,0,0,-1,1
VideoUnmaskSwap,17,1,success,105,0,0,1,success,136,0,0,1,success,106,0,0,1,success,92,0,0,0,0,0,0,0
VideoUnmaskSwap,18,1,success,170,0,0,1,success,126,0,0,0,fail,117,0,0,0,fail,103,0,0,-1,0,-1,-1,0
VideoUnmaskSwap,19,1,success,330,0,0,0,timeout,1300,0,0,1,success,223,0,0,1,success,281,0,0,0,-1,1,0,0
VideoUnmaskSwap,20,0,fail,104,0,0,0,fail,539,0,0,0,fail,110,0,0,0,fail,92,0,0,0,0,0,0,0
VideoUnmaskSwap,21,0,fail,101,0,0,0,fail,276,0,0,0,fail,102,0,0,0,fail,91,0,0,0,0,0,0,0
VideoUnmaskSwap,22,0,fail,107,0,0,0,fail,129,0,0,0,fail,114,0,0,0,fail,100,0,0,0,0,0,0,0
VideoUnmaskSwap,23,1,success,255,0,0,0,timeout,1300,0,0,0,fail,256,0,0,1,success,223,0,0,-1,-1,0,0,-1
VideoUnmaskSwap,24,1,success,99,0,0,1,success,191,0,0,1,success,103,0,0,1,success,93,0,0,0,0,0,0,0
VideoUnmaskSwap,25,0,fail,102,0,0,1,success,91,0,0,1,success,103,0,0,0,fail,89,0,0,1,1,0,0,1
VideoUnmaskSwap,26,0,fail,108,0,0,0,fail,329,0,0,0,fail,116,0,0,0,fail,94,0,0,0,0,0,0,0
VideoUnmaskSwap,27,0,fail,96,0,0,0,fail,275,0,0,0,fail,104,0,0,0,fail,90,0,0,0,0,0,0,0
VideoUnmaskSwap,28,1,success,115,0,0,0,fail,621,0,0,1,success,213,0,0,1,success,96,0,0,0,-1,1,0,0
VideoUnmaskSwap,29,1,success,269,0,0,0,timeout,1300,0,0,1,success,287,0,0,1,success,232,0,0,0,-1,1,0,0
VideoUnmaskSwap,30,1,success,106,0,0,1,success,501,0,0,0,fail,102,0,0,0,fail,91,0,0,-1,0,-1,-1,0
VideoUnmaskSwap,31,0,fail,99,0,0,0,timeout,1300,0,0,0,fail,101,0,0,0,fail,87,0,0,0,0,0,0,0
VideoUnmaskSwap,32,0,fail,99,0,0,0,fail,327,0,0,0,fail,174,0,0,0,fail,87,0,0,0,0,0,0,0
VideoUnmaskSwap,33,0,fail,289,0,0,0,timeout,1300,0,0,0,fail,314,0,0,0,fail,268,0,0,0,0,0,0,0
VideoUnmaskSwap,34,0,fail,108,0,0,0,fail,91,0,0,0,fail,116,0,0,0,fail,158,0,0,0,0,0,0,0
VideoUnmaskSwap,35,0,fail,111,0,0,0,timeout,1300,0,0,0,fail,112,0,0,0,fail,94,0,0,0,0,0,0,0
VideoUnmaskSwap,36,0,fail,105,0,0,0,timeout,1300,0,0,0,fail,108,0,0,0,fail,90,0,0,0,0,0,0,0
VideoUnmaskSwap,37,1,success,106,0,0,1,success,172,0,0,1,success,113,0,0,1,success,152,0,0,0,0,0,0,0
VideoUnmaskSwap,38,0,fail,100,0,0,0,fail,165,0,0,0,fail,102,0,0,0,fail,151,0,0,0,0,0,0,0
VideoUnmaskSwap,39,0,fail,105,0,0,0,timeout,1300,0,0,0,fail,108,0,0,0,fail,152,0,0,0,0,0,0,0
VideoUnmaskSwap,40,0,fail,108,0,0,0,fail,328,0,0,0,fail,115,0,0,0,fail,93,0,0,0,0,0,0,0
VideoUnmaskSwap,41,0,fail,257,0,0,0,timeout,1300,0,0,0,fail,415,0,0,1,success,248,0,0,0,0,0,1,-1
VideoUnmaskSwap,42,1,success,105,0,0,1,success,92,0,0,1,success,109,0,0,1,success,88,0,0,0,0,0,0,0
VideoUnmaskSwap,43,0,fail,105,0,0,0,timeout,1300,0,0,0,fail,102,0,0,0,fail,90,0,0,0,0,0,0,0
VideoUnmaskSwap,44,0,fail,97,0,0,0,fail,145,0,0,0,fail,101,0,0,0,fail,155,0,0,0,0,0,0,0
VideoUnmaskSwap,45,1,success,103,0,0,1,success,92,0,0,1,success,101,0,0,1,success,92,0,0,0,0,0,0,0
VideoUnmaskSwap,46,0,fail,103,0,0,0,fail,153,0,0,0,fail,101,0,0,0,fail,87,0,0,0,0,0,0,0
VideoUnmaskSwap,47,0,fail,270,0,0,0,timeout,1300,0,0,0,fail,342,0,0,0,fail,237,0,0,0,0,0,0,0
VideoUnmaskSwap,48,0,fail,106,0,0,0,fail,184,0,0,0,fail,116,0,0,0,fail,167,0,0,0,0,0,0,0
VideoUnmaskSwap,49,0,fail,107,0,0,0,fail,477,0,0,0,fail,112,0,0,0,fail,91,0,0,0,0,0,0,0
ButtonUnmaskSwap,0,0,fail,322,0,0,0,timeout,1300,0,0,0,fail,328,0,0,0,fail,998,0,0,0,0,0,0,0
ButtonUnmaskSwap,1,0,fail,403,0,0,0,timeout,1300,0,0,0,fail,342,0,0,0,fail,281,0,0,0,0,0,0,0
ButtonUnmaskSwap,2,0,fail,329,0,0,0,timeout,1300,0,0,0,fail,349,0,0,0,fail,300,0,0,0,0,0,0,0
ButtonUnmaskSwap,3,0,fail,324,0,0,0,timeout,1300,0,0,0,fail,325,0,0,0,fail,297,0,0,0,0,0,0,0
ButtonUnmaskSwap,4,1,success,346,0,0,0,timeout,1300,0,0,0,fail,328,0,0,1,success,391,0,0,-1,-1,0,0,-1
ButtonUnmaskSwap,5,0,fail,324,0,0,0,timeout,1300,0,0,0,fail,344,0,0,0,fail,411,0,0,0,0,0,0,0
ButtonUnmaskSwap,6,0,fail,341,0,0,0,timeout,1300,0,0,0,fail,327,0,0,0,fail,299,0,0,0,0,0,0,0
ButtonUnmaskSwap,7,0,fail,333,0,0,0,timeout,1300,0,0,0,fail,515,0,0,0,fail,291,0,0,0,0,0,0,0
ButtonUnmaskSwap,8,1,success,314,0,0,0,fail,921,0,0,0,fail,342,0,0,1,success,293,0,0,-1,-1,0,0,-1
ButtonUnmaskSwap,9,0,fail,415,0,0,0,timeout,1300,0,0,0,fail,342,0,0,0,fail,761,0,0,0,0,0,0,0
ButtonUnmaskSwap,10,1,success,410,0,0,0,timeout,1300,0,0,1,success,425,0,0,1,success,313,0,0,0,-1,1,0,0
ButtonUnmaskSwap,11,0,fail,559,0,0,0,fail,486,0,0,0,fail,511,0,0,0,fail,558,0,0,0,0,0,0,0
ButtonUnmaskSwap,12,1,success,324,0,0,0,timeout,1300,0,0,0,fail,356,0,0,1,success,301,0,0,-1,-1,0,0,-1
ButtonUnmaskSwap,13,0,fail,318,0,0,0,timeout,1300,0,0,0,fail,342,0,0,0,fail,309,0,0,0,0,0,0,0
ButtonUnmaskSwap,14,0,fail,313,0,0,0,timeout,1300,0,0,0,fail,339,0,0,0,fail,290,0,0,0,0,0,0,0
ButtonUnmaskSwap,15,0,fail,327,0,0,0,timeout,1300,0,0,0,fail,355,0,0,0,fail,304,0,0,0,0,0,0,0
ButtonUnmaskSwap,16,0,fail,437,0,0,0,timeout,1300,0,0,0,fail,454,0,0,0,fail,390,0,0,0,0,0,0,0
ButtonUnmaskSwap,17,0,fail,331,0,0,0,fail,701,0,0,0,fail,354,0,0,0,fail,303,0,0,0,0,0,0,0
ButtonUnmaskSwap,18,0,fail,314,0,0,0,fail,1240,0,0,1,success,333,0,0,1,success,299,0,0,1,0,1,1,0
ButtonUnmaskSwap,19,0,fail,492,0,0,0,timeout,1300,0,0,0,fail,426,0,0,0,fail,281,0,0,0,0,0,0,0
ButtonUnmaskSwap,20,0,fail,325,0,0,0,timeout,1300,0,0,0,fail,341,0,0,0,fail,296,0,0,0,0,0,0,0
ButtonUnmaskSwap,21,0,fail,321,0,0,0,fail,1014,0,0,0,fail,433,0,0,0,fail,302,0,0,0,0,0,0,0
ButtonUnmaskSwap,22,0,fail,316,0,0,0,timeout,1300,0,0,1,success,465,0,0,0,fail,696,0,0,1,0,1,0,1
ButtonUnmaskSwap,23,0,fail,321,0,0,0,timeout,1300,0,0,0,fail,320,0,0,0,fail,296,0,0,0,0,0,0,0
ButtonUnmaskSwap,24,1,success,326,0,0,0,timeout,1300,0,0,1,success,343,0,0,1,success,300,0,0,0,-1,1,0,0
ButtonUnmaskSwap,25,0,fail,324,0,0,0,timeout,1300,0,0,1,success,339,0,0,1,success,299,0,0,1,0,1,1,0
ButtonUnmaskSwap,26,0,fail,393,0,0,0,timeout,1300,0,0,1,success,438,0,0,1,success,410,0,0,1,0,1,1,0
ButtonUnmaskSwap,27,0,fail,315,0,0,0,timeout,1300,0,0,0,fail,327,0,0,0,fail,284,0,0,0,0,0,0,0
ButtonUnmaskSwap,28,0,fail,467,0,0,0,timeout,1300,0,0,0,fail,396,0,0,0,fail,302,0,0,0,0,0,0,0
ButtonUnmaskSwap,29,0,fail,325,0,0,0,timeout,1300,0,0,0,fail,351,0,0,0,fail,307,0,0,0,0,0,0,0
ButtonUnmaskSwap,30,0,fail,412,0,0,0,timeout,1300,0,0,0,fail,357,0,0,0,fail,421,0,0,0,0,0,0,0
ButtonUnmaskSwap,31,0,fail,323,0,0,0,timeout,1300,0,0,0,fail,394,0,0,0,fail,314,0,0,0,0,0,0,0
ButtonUnmaskSwap,32,0,fail,403,0,0,0,timeout,1300,0,0,1,success,594,0,0,0,fail,362,0,0,1,0,1,0,1
ButtonUnmaskSwap,33,0,fail,326,0,0,0,timeout,1300,0,0,1,success,336,0,0,1,success,344,0,0,1,0,1,1,0
ButtonUnmaskSwap,34,1,success,410,0,0,0,timeout,1300,0,0,1,success,345,0,0,0,fail,299,0,0,0,-1,1,-1,1
ButtonUnmaskSwap,35,0,fail,337,0,0,0,timeout,1300,0,0,0,fail,577,0,0,0,fail,312,0,0,0,0,0,0,0
ButtonUnmaskSwap,36,0,fail,413,0,0,0,timeout,1300,0,0,1,success,358,0,0,0,fail,296,0,0,1,0,1,0,1
ButtonUnmaskSwap,37,0,fail,319,0,0,0,timeout,1300,0,0,0,fail,343,0,0,0,fail,304,0,0,0,0,0,0,0
ButtonUnmaskSwap,38,0,fail,314,0,0,0,timeout,1300,0,0,1,success,351,0,0,1,success,311,0,0,1,0,1,1,0
ButtonUnmaskSwap,39,0,fail,341,0,0,0,timeout,1300,0,0,0,fail,424,0,0,0,fail,305,0,0,0,0,0,0,0
ButtonUnmaskSwap,40,0,fail,326,0,0,0,timeout,1300,0,0,0,fail,467,0,0,0,fail,433,0,0,0,0,0,0,0
ButtonUnmaskSwap,41,0,fail,320,0,0,0,timeout,1300,0,0,0,fail,343,0,0,0,fail,296,0,0,0,0,0,0,0
ButtonUnmaskSwap,42,0,fail,331,0,0,0,timeout,1300,0,0,0,fail,453,0,0,0,fail,303,0,0,0,0,0,0,0
ButtonUnmaskSwap,43,0,fail,311,0,0,0,timeout,1300,0,0,0,fail,328,0,0,1,success,425,0,0,0,0,0,1,-1
ButtonUnmaskSwap,44,0,fail,314,0,0,0,timeout,1300,0,0,0,fail,351,0,0,0,fail,308,0,0,0,0,0,0,0
ButtonUnmaskSwap,45,0,fail,314,0,0,0,timeout,1300,0,0,0,fail,345,0,0,0,fail,300,0,0,0,0,0,0,0
ButtonUnmaskSwap,46,0,fail,321,0,0,0,timeout,1300,0,0,0,fail,327,0,0,0,fail,359,0,0,0,0,0,0,0
ButtonUnmaskSwap,47,0,fail,469,0,0,0,timeout,1300,0,0,0,fail,505,0,0,0,fail,436,0,0,0,0,0,0,0
ButtonUnmaskSwap,48,0,fail,324,0,0,0,timeout,1300,0,0,0,fail,326,0,0,0,fail,312,0,0,0,0,0,0,0
ButtonUnmaskSwap,49,0,fail,315,0,0,0,timeout,1300,0,0,0,fail,457,0,0,0,fail,571,0,0,0,0,0,0,0
PickHighlight,0,0,fail,220,0,0,0,timeout,1300,0,0,0,fail,236,0,0,0,fail,212,0,0,0,0,0,0,0
PickHighlight,1,0,fail,242,0,0,1,success,949,0,0,0,fail,261,0,0,0,fail,229,0,0,0,1,-1,0,0
PickHighlight,2,1,success,389,0,0,0,timeout,1300,0,0,1,success,404,0,0,1,success,354,0,0,0,-1,1,0,0
PickHighlight,3,0,timeout,1300,0,0,0,timeout,1300,0,0,0,fail,448,0,0,1,success,501,0,0,0,0,0,1,-1
PickHighlight,4,0,fail,219,0,0,0,fail,490,0,0,0,fail,352,0,0,0,fail,322,0,0,0,0,0,0,0
PickHighlight,5,0,fail,226,0,0,0,timeout,1300,0,0,0,fail,239,0,0,0,fail,296,0,0,0,0,0,0,0
PickHighlight,6,1,success,367,0,0,0,fail,374,0,0,0,fail,369,0,0,0,fail,337,0,0,-1,-1,0,-1,0
PickHighlight,7,0,fail,211,0,0,0,fail,806,0,0,0,fail,228,0,0,0,fail,330,0,0,0,0,0,0,0
PickHighlight,8,1,success,316,0,0,0,fail,768,0,0,0,fail,217,0,0,0,fail,277,0,0,-1,-1,0,-1,0
PickHighlight,9,1,success,221,0,0,1,success,326,0,0,1,success,237,0,0,1,success,209,0,0,0,0,0,0,0
PickHighlight,10,0,fail,213,0,0,0,fail,262,0,0,0,fail,216,0,0,0,fail,200,0,0,0,0,0,0,0
PickHighlight,11,0,fail,455,0,0,0,timeout,1300,0,0,0,fail,401,0,0,0,fail,338,0,0,0,0,0,0,0
PickHighlight,12,0,fail,219,0,0,1,success,392,0,0,0,fail,236,0,0,0,fail,211,0,0,0,1,-1,0,0
PickHighlight,13,0,fail,356,0,0,1,success,574,0,0,0,fail,228,0,0,0,fail,209,0,0,0,1,-1,0,0
PickHighlight,14,0,timeout,1300,0,0,0,timeout,1300,0,0,1,success,432,0,0,0,timeout,1300,0,0,1,0,1,0,1
PickHighlight,15,0,fail,566,0,0,0,timeout,1300,0,0,0,fail,222,0,0,0,fail,882,0,0,0,0,0,0,0
PickHighlight,16,0,fail,222,0,0,1,success,554,0,0,0,fail,233,0,0,0,fail,205,0,0,0,1,-1,0,0
PickHighlight,17,0,fail,209,0,0,0,fail,324,0,0,1,success,231,0,0,0,fail,194,0,0,1,0,1,0,1
PickHighlight,18,0,fail,394,0,0,0,timeout,1300,0,0,0,fail,238,0,0,0,fail,357,0,0,0,0,0,0,0
PickHighlight,19,1,success,602,0,0,0,timeout,1300,0,0,1,success,1183,0,0,0,fail,374,0,0,0,-1,1,-1,1
PickHighlight,20,1,success,323,0,0,1,success,794,0,0,1,success,244,0,0,0,fail,294,0,0,0,0,0,-1,1
PickHighlight,21,0,fail,212,0,0,0,timeout,1300,0,0,0,fail,226,0,0,0,fail,199,0,0,0,0,0,0,0
PickHighlight,22,0,fail,400,0,0,0,fail,666,0,0,0,fail,433,0,0,0,fail,358,0,0,0,0,0,0,0
PickHighlight,23,0,fail,404,0,0,0,timeout,1300,0,0,0,fail,1181,0,0,0,fail,202,0,0,0,0,0,0,0
PickHighlight,24,0,fail,205,0,0,0,fail,822,0,0,0,fail,223,0,0,0,fail,273,0,0,0,0,0,0,0
PickHighlight,25,1,success,321,0,0,0,fail,280,0,0,1,success,236,0,0,1,success,208,0,0,0,-1,1,0,0
PickHighlight,26,1,success,497,0,0,0,fail,323,0,0,0,fail,462,0,0,0,fail,321,0,0,-1,-1,0,-1,0
PickHighlight,27,0,fail,914,0,0,0,timeout,1300,0,0,0,fail,398,0,0,0,fail,190,0,0,0,0,0,0,0
PickHighlight,28,1,success,217,0,0,1,success,405,0,0,1,success,231,0,0,1,success,201,0,0,0,0,0,0,0
PickHighlight,29,0,fail,207,0,0,1,success,208,0,0,1,success,222,0,0,1,success,198,0,0,1,1,0,1,0
PickHighlight,30,0,fail,231,0,0,0,timeout,1300,0,0,0,fail,248,0,0,0,fail,213,0,0,0,0,0,0,0
PickHighlight,31,0,fail,405,0,0,0,timeout,1300,0,0,0,fail,445,0,0,0,fail,197,0,0,0,0,0,0,0
PickHighlight,32,0,fail,215,0,0,0,fail,617,0,0,1,success,351,0,0,0,fail,295,0,0,1,0,1,0,1
PickHighlight,33,0,fail,223,0,0,0,fail,248,0,0,0,fail,240,0,0,1,success,215,0,0,0,0,0,1,-1
PickHighlight,34,1,success,376,0,0,0,fail,533,0,0,1,success,382,0,0,1,success,450,0,0,0,-1,1,0,0
PickHighlight,35,0,fail,454,0,0,0,timeout,1300,0,0,0,fail,580,0,0,0,fail,406,0,0,0,0,0,0,0
PickHighlight,36,1,success,209,0,0,0,fail,264,0,0,0,fail,337,0,0,1,success,196,0,0,-1,-1,0,0,-1
PickHighlight,37,0,fail,206,0,0,0,timeout,1300,0,0,0,fail,211,0,0,0,fail,195,0,0,0,0,0,0,0
PickHighlight,38,1,success,381,0,0,0,fail,299,0,0,1,success,416,0,0,1,success,1290,0,0,0,-1,1,0,0
PickHighlight,39,0,fail,628,0,0,0,fail,215,0,0,0,fail,401,0,0,0,fail,993,0,0,0,0,0,0,0
PickHighlight,40,0,fail,217,0,0,0,fail,376,0,0,0,fail,231,0,0,0,fail,201,0,0,0,0,0,0,0
PickHighlight,41,0,fail,203,0,0,0,fail,1248,0,0,0,fail,202,0,0,0,fail,201,0,0,0,0,0,0,0
PickHighlight,42,0,fail,372,0,0,0,timeout,1300,0,0,0,fail,514,0,0,0,fail,357,0,0,0,0,0,0,0
PickHighlight,43,0,fail,502,0,0,0,timeout,1300,0,0,0,fail,392,0,0,0,fail,356,0,0,0,0,0,0,0
PickHighlight,44,1,success,229,0,0,0,timeout,1300,0,0,1,success,236,0,0,1,success,216,0,0,0,-1,1,0,0
PickHighlight,45,0,fail,218,0,0,1,success,519,0,0,0,fail,230,0,0,0,fail,214,0,0,0,1,-1,0,0
PickHighlight,46,0,fail,230,0,0,0,timeout,1300,0,0,0,fail,240,0,0,0,fail,209,0,0,0,0,0,0,0
PickHighlight,47,0,fail,364,0,0,0,fail,646,0,0,0,fail,406,0,0,0,fail,340,0,0,0,0,0,0,0
PickHighlight,48,0,fail,213,0,0,0,fail,390,0,0,0,fail,224,0,0,0,fail,196,0,0,0,0,0,0,0
PickHighlight,49,1,success,350,0,0,0,timeout,1300,0,0,1,success,352,0,0,1,success,320,0,0,0,-1,1,0,0
VideoRepick,0,1,success,523,0,0,0,fail,219,0,0,1,success,550,0,0,1,success,508,0,0,0,-1,1,0,0
VideoRepick,1,1,success,261,0,0,0,fail,1105,0,0,0,fail,166,0,0,1,success,290,0,0,-1,-1,0,0,-1
VideoRepick,2,0,fail,106,0,0,0,fail,272,0,0,0,fail,110,0,0,0,fail,152,0,0,0,0,0,0,0
VideoRepick,3,0,fail,132,0,0,0,fail,148,0,0,0,fail,146,0,0,0,fail,117,0,0,0,0,0,0,0
VideoRepick,4,0,fail,106,0,0,0,fail,155,0,0,0,fail,106,0,0,0,fail,102,0,0,0,0,0,0,0
VideoRepick,5,1,success,485,0,0,0,timeout,1300,0,0,0,fail,337,0,0,1,success,577,0,0,-1,-1,0,0,-1
VideoRepick,6,1,success,236,0,0,0,fail,471,0,0,0,fail,184,0,0,0,fail,179,0,0,-1,-1,0,-1,0
VideoRepick,7,0,fail,102,0,0,0,fail,556,0,0,0,fail,106,0,0,0,fail,100,0,0,0,0,0,0,0
VideoRepick,8,0,fail,102,0,0,0,fail,414,0,0,0,fail,101,0,0,0,fail,97,0,0,0,0,0,0,0
VideoRepick,9,0,fail,101,0,0,0,timeout,1300,0,0,0,fail,99,0,0,0,fail,178,0,0,0,0,0,0,0
VideoRepick,10,0,fail,99,0,0,0,fail,399,0,0,0,fail,101,0,0,0,fail,250,0,0,0,0,0,0,0
VideoRepick,11,0,fail,100,0,0,0,fail,475,0,0,0,fail,111,0,0,0,fail,88,0,0,0,0,0,0,0
VideoRepick,12,0,fail,367,0,0,0,timeout,1300,0,0,0,fail,389,0,0,0,timeout,1300,0,0,0,0,0,0,0
VideoRepick,13,1,success,229,0,0,0,timeout,1300,0,0,1,success,238,0,0,1,success,268,0,0,0,-1,1,0,0
VideoRepick,14,1,success,234,0,0,0,fail,368,0,0,0,fail,169,0,0,1,success,207,0,0,-1,-1,0,0,-1
VideoRepick,15,0,fail,89,0,0,0,fail,271,0,0,0,fail,95,0,0,0,fail,157,0,0,0,0,0,0,0
VideoRepick,16,1,success,486,0,0,0,timeout,1300,0,0,1,success,435,0,0,0,fail,465,0,0,0,-1,1,-1,1
VideoRepick,17,0,fail,92,0,0,0,timeout,1300,0,0,0,fail,90,0,0,0,fail,147,0,0,0,0,0,0,0
VideoRepick,18,0,fail,103,0,0,0,fail,625,0,1,0,fail,111,0,0,0,fail,85,0,1,0,0,0,0,0
VideoRepick,19,0,fail,102,0,0,0,fail,880,0,0,0,timeout,1300,0,0,0,fail,308,0,0,0,0,0,0,0
VideoRepick,20,1,success,245,0,0,0,timeout,1300,0,0,1,success,267,0,0,0,fail,198,0,0,0,-1,1,-1,1
VideoRepick,21,1,success,229,0,0,0,timeout,1300,0,0,1,success,246,0,0,1,success,209,0,0,0,-1,1,0,0
VideoRepick,22,0,fail,219,0,0,0,timeout,1300,0,0,1,success,372,0,0,0,fail,192,0,0,1,0,1,0,1
VideoRepick,23,0,fail,102,0,0,0,fail,517,0,0,0,fail,106,0,0,0,fail,89,0,0,0,0,0,0,0
VideoRepick,24,1,success,390,0,0,0,timeout,1300,0,0,0,fail,343,0,0,0,fail,272,0,0,-1,-1,0,-1,0
VideoRepick,25,1,success,427,0,0,0,fail,137,0,0,0,fail,100,0,0,0,fail,91,0,0,-1,-1,0,-1,0
VideoRepick,26,0,fail,102,0,0,0,fail,903,0,0,0,fail,102,0,0,0,fail,146,0,0,0,0,0,0,0
VideoRepick,27,0,fail,90,0,0,0,timeout,1300,0,0,0,fail,103,0,0,0,fail,338,0,0,0,0,0,0,0
VideoRepick,28,0,fail,103,0,0,0,fail,270,0,0,0,fail,103,0,0,0,fail,86,0,0,0,0,0,0,0
VideoRepick,29,0,fail,101,0,0,0,fail,829,0,0,0,fail,105,0,0,0,fail,164,0,0,0,0,0,0,0
VideoRepick,30,0,fail,102,0,0,0,fail,367,0,0,0,fail,106,0,0,0,fail,150,0,0,0,0,0,0,0
VideoRepick,31,0,fail,100,0,0,0,fail,265,0,0,0,fail,187,0,0,0,fail,150,0,0,0,0,0,0,0
VideoRepick,32,0,fail,97,0,0,0,fail,469,0,0,0,fail,107,0,0,0,fail,85,0,0,0,0,0,0,0
VideoRepick,33,1,success,379,0,0,0,timeout,1300,0,0,0,fail,324,0,0,1,success,331,0,0,-1,-1,0,0,-1
VideoRepick,34,1,success,364,0,0,0,timeout,1300,0,0,0,fail,341,0,0,1,success,445,0,0,-1,-1,0,0,-1
VideoRepick,35,1,success,537,0,0,0,timeout,1300,0,0,0,fail,110,0,0,0,fail,96,0,0,-1,-1,0,-1,0
VideoRepick,36,0,fail,199,0,0,0,fail,151,0,0,0,fail,104,0,1,0,fail,85,0,0,0,0,0,0,0
VideoRepick,37,0,fail,102,0,0,0,timeout,1300,0,0,0,fail,101,0,1,0,fail,85,0,0,0,0,0,0,0
VideoRepick,38,0,fail,103,0,0,0,timeout,1300,0,0,0,fail,103,0,0,0,fail,91,0,0,0,0,0,0,0
VideoRepick,39,1,success,444,0,0,0,fail,416,0,0,0,fail,186,0,0,0,fail,87,0,0,-1,-1,0,-1,0
VideoRepick,40,0,fail,103,0,0,0,fail,153,0,0,0,fail,103,0,0,0,fail,86,0,0,0,0,0,0,0
VideoRepick,41,0,fail,104,0,0,0,timeout,1300,0,0,0,fail,103,0,0,0,fail,86,0,0,0,0,0,0,0
VideoRepick,42,0,fail,105,0,0,0,fail,263,0,0,0,fail,111,0,0,0,fail,102,0,0,0,0,0,0,0
VideoRepick,43,0,fail,100,0,0,0,fail,880,0,0,0,fail,105,0,1,0,fail,86,0,1,0,0,0,0,0
VideoRepick,44,1,success,235,0,1,0,timeout,1300,0,0,0,fail,166,0,1,0,fail,194,0,0,-1,-1,0,-1,0
VideoRepick,45,0,fail,104,0,1,0,fail,128,0,0,0,fail,105,0,0,0,fail,171,0,1,0,0,0,0,0
VideoRepick,46,0,fail,94,0,0,0,fail,151,0,0,0,fail,94,0,0,0,fail,85,0,0,0,0,0,0,0
VideoRepick,47,0,fail,97,0,0,0,fail,191,0,0,0,fail,101,0,1,0,fail,88,0,1,0,0,0,0,0
VideoRepick,48,0,fail,103,0,0,0,timeout,1300,0,0,0,fail,102,0,0,0,fail,88,0,1,0,0,0,0,0
VideoRepick,49,1,success,369,0,0,0,timeout,1300,0,0,0,fail,342,0,1,0,fail,311,0,0,-1,-1,0,-1,0
VideoPlaceButton,0,1,success,178,0,0,0,fail,186,0,0,1,success,198,0,0,1,success,162,0,0,0,-1,1,0,0
VideoPlaceButton,1,0,fail,186,0,0,0,fail,205,0,0,0,fail,178,0,0,0,fail,162,0,0,0,0,0,0,0
VideoPlaceButton,2,1,success,183,0,0,0,fail,196,0,0,1,success,211,0,0,1,success,167,0,0,0,-1,1,0,0
VideoPlaceButton,3,0,fail,198,0,0,1,success,223,0,0,0,fail,205,0,0,0,fail,183,0,0,0,1,-1,0,0
VideoPlaceButton,4,0,fail,213,0,0,0,fail,186,0,0,0,fail,228,0,0,0,fail,200,0,0,0,0,0,0,0
VideoPlaceButton,5,1,success,186,0,0,1,success,240,0,0,1,success,212,0,0,0,fail,162,0,0,0,0,0,-1,1
VideoPlaceButton,6,0,fail,205,0,0,0,fail,301,0,0,0,fail,277,0,0,0,fail,184,0,0,0,0,0,0,0
VideoPlaceButton,7,0,fail,176,0,0,0,fail,203,0,1,0,fail,183,0,0,1,success,170,0,0,0,0,0,1,-1
VideoPlaceButton,8,1,success,190,0,0,0,fail,242,0,0,1,success,213,0,0,1,success,150,0,0,0,-1,1,0,0
VideoPlaceButton,9,1,success,176,0,0,1,success,181,0,0,1,success,176,0,0,1,success,172,0,0,0,0,0,0,0
VideoPlaceButton,10,1,success,184,0,0,0,fail,213,0,0,0,fail,199,0,0,0,fail,176,0,0,-1,-1,0,-1,0
VideoPlaceButton,11,1,success,168,0,1,1,success,226,0,0,1,success,195,0,0,1,success,167,0,0,0,0,0,0,0
VideoPlaceButton,12,0,fail,187,0,0,0,fail,251,0,0,0,fail,210,0,0,0,fail,178,0,0,0,0,0,0,0
VideoPlaceButton,13,0,fail,178,0,0,1,success,229,0,0,1,success,224,0,0,0,fail,164,0,0,1,1,0,0,1
VideoPlaceButton,14,1,success,178,0,0,1,success,196,0,0,1,success,195,0,0,1,success,166,0,0,0,0,0,0,0
VideoPlaceButton,15,0,fail,178,0,0,0,fail,251,0,0,0,fail,195,0,0,1,success,174,0,0,0,0,0,1,-1
VideoPlaceButton,16,1,success,185,0,0,1,success,880,0,0,1,success,186,0,0,1,success,153,0,0,0,0,0,0,0
VideoPlaceButton,17,1,success,188,0,0,0,fail,238,0,0,1,success,187,0,0,1,success,174,0,0,0,-1,1,0,0
VideoPlaceButton,18,1,success,197,0,0,0,fail,220,0,0,1,success,196,0,0,1,success,176,0,0,0,-1,1,0,0
VideoPlaceButton,19,1,success,174,0,0,1,success,211,0,0,1,success,190,0,0,1,success,162,0,0,0,0,0,0,0
VideoPlaceButton,20,1,success,178,0,0,1,success,186,0,0,1,success,195,0,0,1,success,162,0,0,0,0,0,0,0
VideoPlaceButton,21,0,fail,196,0,0,0,fail,228,0,0,0,fail,202,0,0,0,fail,146,0,0,0,0,0,0,0
VideoPlaceButton,22,0,fail,207,0,0,0,fail,251,0,0,0,fail,208,0,0,0,fail,176,0,0,0,0,0,0,0
VideoPlaceButton,23,0,fail,175,0,0,0,fail,194,0,0,0,fail,181,0,0,0,fail,167,0,0,0,0,0,0,0
VideoPlaceButton,24,0,fail,191,0,0,1,success,173,0,0,0,fail,222,0,0,1,success,132,0,0,0,1,-1,1,-1
VideoPlaceButton,25,1,success,178,0,0,1,success,178,0,0,1,success,178,0,0,1,success,157,0,0,0,0,0,0,0
VideoPlaceButton,26,0,fail,186,0,0,0,fail,190,0,0,0,fail,183,0,0,0,fail,168,0,0,0,0,0,0,0
VideoPlaceButton,27,0,fail,175,0,0,0,fail,195,0,0,0,fail,188,0,0,0,fail,174,0,0,0,0,0,0,0
VideoPlaceButton,28,1,success,196,0,0,1,success,285,0,0,0,fail,290,0,0,1,success,178,0,0,-1,0,-1,0,-1
VideoPlaceButton,29,0,fail,185,0,0,1,success,176,0,0,0,fail,211,0,0,1,success,152,0,0,0,1,-1,1,-1
VideoPlaceButton,30,0,fail,279,0,0,1,success,256,0,0,0,fail,196,0,0,0,fail,162,0,0,0,1,-1,0,0
VideoPlaceButton,31,0,fail,178,0,0,0,fail,196,0,0,0,fail,196,0,0,0,fail,155,0,0,0,0,0,0,0
VideoPlaceButton,32,1,success,178,0,0,0,fail,211,0,0,1,success,195,0,0,1,success,179,0,0,0,-1,1,0,0
VideoPlaceButton,33,0,fail,194,0,0,0,fail,195,0,0,0,fail,213,0,0,0,fail,174,0,0,0,0,0,0,0
VideoPlaceButton,34,1,success,176,0,0,0,fail,208,0,0,0,fail,178,0,0,1,success,152,0,0,-1,-1,0,0,-1
VideoPlaceButton,35,1,success,185,0,1,0,fail,196,0,0,1,success,183,0,0,1,success,162,0,0,0,-1,1,0,0
VideoPlaceButton,36,1,success,175,0,0,0,fail,195,0,0,1,success,175,0,0,1,success,151,0,0,0,-1,1,0,0
VideoPlaceButton,37,0,fail,183,0,0,0,fail,199,0,0,0,fail,176,0,0,1,success,188,0,0,0,0,0,1,-1
VideoPlaceButton,38,0,fail,180,0,0,0,fail,1260,0,0,0,fail,189,0,0,0,fail,176,0,0,0,0,0,0,0
VideoPlaceButton,39,0,fail,178,0,0,0,fail,331,0,0,0,fail,192,0,0,0,fail,168,0,0,0,0,0,0,0
VideoPlaceButton,40,0,fail,174,0,0,0,fail,176,0,0,0,fail,174,0,0,0,fail,150,0,0,0,0,0,0,0
VideoPlaceButton,41,1,success,187,0,0,0,fail,198,0,0,1,success,194,0,0,1,success,174,0,0,0,-1,1,0,0
VideoPlaceButton,42,0,fail,191,0,0,0,fail,178,0,0,0,fail,213,0,0,0,fail,174,0,0,0,0,0,0,0
VideoPlaceButton,43,0,fail,168,0,0,0,fail,216,0,0,0,fail,195,0,0,0,fail,228,0,0,0,0,0,0,0
VideoPlaceButton,44,1,success,197,0,0,0,fail,256,0,0,1,success,224,0,1,0,fail,162,0,0,0,-1,1,-1,1
VideoPlaceButton,45,1,success,173,0,0,1,success,191,0,0,1,success,190,0,0,1,success,164,0,0,0,0,0,0,0
VideoPlaceButton,46,1,success,181,0,0,1,success,203,0,0,1,success,199,0,0,0,timeout,1300,0,0,0,0,0,-1,1
VideoPlaceButton,47,0,fail,195,0,0,0,fail,323,0,0,0,fail,213,0,0,0,fail,178,0,0,0,0,0,0,0
VideoPlaceButton,48,1,success,178,0,0,1,success,265,0,0,1,success,198,0,0,1,success,194,0,0,0,0,0,0,0
VideoPlaceButton,49,1,success,175,0,0,0,fail,359,0,0,1,success,178,0,0,1,success,201,0,0,0,-1,1,0,0
VideoPlaceOrder,0,1,success,175,0,0,1,success,251,0,0,1,success,175,0,0,1,success,162,0,0,0,0,0,0,0
VideoPlaceOrder,1,1,success,183,0,0,0,fail,207,0,0,1,success,198,0,0,1,success,178,0,0,0,-1,1,0,0
VideoPlaceOrder,2,0,fail,174,0,0,0,fail,168,0,0,0,fail,190,0,0,0,fail,162,0,0,0,0,0,0,0
VideoPlaceOrder,3,0,fail,178,0,0,0,fail,254,0,0,0,fail,189,0,0,0,fail,168,0,0,0,0,0,0,0
VideoPlaceOrder,4,0,fail,194,0,0,0,fail,221,0,0,0,fail,189,0,0,0,fail,194,0,0,0,0,0,0,0
VideoPlaceOrder,5,1,success,185,0,0,1,success,310,0,0,0,fail,221,0,0,1,success,150,0,0,-1,0,-1,0,-1
VideoPlaceOrder,6,0,fail,186,0,0,0,fail,213,0,0,0,fail,192,0,0,0,fail,178,0,0,0,0,0,0,0
VideoPlaceOrder,7,1,success,176,0,0,0,fail,188,0,0,1,success,180,0,0,0,fail,191,0,0,0,-1,1,-1,1
VideoPlaceOrder,8,1,success,176,0,0,0,fail,221,0,0,1,success,186,0,0,1,success,200,0,0,0,-1,1,0,0
VideoPlaceOrder,9,1,success,179,0,0,0,fail,212,0,0,1,success,188,0,0,0,fail,256,0,0,0,-1,1,-1,1
VideoPlaceOrder,10,1,success,179,0,0,0,fail,230,0,0,1,success,216,0,0,1,success,173,0,0,0,-1,1,0,0
VideoPlaceOrder,11,0,timeout,1300,0,0,0,timeout,1300,0,0,0,timeout,1300,0,0,0,timeout,1300,0,0,0,0,0,0,0
VideoPlaceOrder,12,0,fail,196,0,0,0,fail,213,0,0,0,fail,217,0,0,0,fail,178,0,0,0,0,0,0,0
VideoPlaceOrder,13,1,success,179,0,0,1,success,187,0,0,1,success,188,0,0,1,success,170,0,0,0,0,0,0,0
VideoPlaceOrder,14,0,fail,234,0,0,0,fail,178,0,0,0,fail,188,0,0,0,fail,167,0,0,0,0,0,0,0
VideoPlaceOrder,15,0,fail,180,0,0,0,fail,196,0,0,0,fail,175,0,0,0,fail,169,0,0,0,0,0,0,0
VideoPlaceOrder,16,1,success,168,0,0,0,fail,213,0,0,1,success,192,0,0,1,success,167,0,0,0,-1,1,0,0
VideoPlaceOrder,17,0,fail,189,0,0,0,fail,184,0,0,0,fail,182,0,0,0,fail,164,0,0,0,0,0,0,0
VideoPlaceOrder,18,0,fail,188,0,0,0,fail,206,0,0,0,fail,261,0,0,0,fail,166,0,0,0,0,0,0,0
VideoPlaceOrder,19,0,fail,185,0,0,0,fail,172,0,0,0,fail,176,0,1,0,fail,162,0,0,0,0,0,0,0
VideoPlaceOrder,20,1,success,175,0,0,0,fail,261,0,0,1,success,175,0,0,1,success,162,0,0,0,-1,1,0,0
VideoPlaceOrder,21,1,success,176,0,0,0,fail,393,0,0,1,success,196,0,0,1,success,160,0,0,0,-1,1,0,0
VideoPlaceOrder,22,1,success,178,0,0,0,fail,212,0,0,0,fail,197,0,0,0,fail,178,0,0,-1,-1,0,-1,0
VideoPlaceOrder,23,0,fail,181,0,0,1,success,178,0,0,0,fail,179,0,0,0,fail,168,0,0,0,1,-1,0,0
VideoPlaceOrder,24,1,success,183,0,0,1,success,202,0,0,1,success,203,0,0,1,success,181,0,0,0,0,0,0,0
VideoPlaceOrder,25,0,fail,189,0,0,1,success,224,0,0,0,fail,210,0,0,0,fail,164,0,0,0,1,-1,0,0
VideoPlaceOrder,26,0,fail,188,0,0,0,fail,198,0,0,0,fail,192,0,0,0,fail,162,0,0,0,0,0,0,0
VideoPlaceOrder,27,0,fail,184,0,0,0,fail,221,0,0,0,fail,293,0,0,0,fail,224,0,0,0,0,0,0,0
VideoPlaceOrder,28,1,success,221,0,0,0,fail,220,0,0,1,success,216,0,0,1,success,194,0,0,0,-1,1,0,0
VideoPlaceOrder,29,0,fail,174,0,0,0,fail,178,0,0,0,fail,194,0,0,0,fail,162,0,0,0,0,0,0,0
VideoPlaceOrder,30,1,success,178,0,0,1,success,178,0,0,1,success,183,0,0,0,fail,175,0,0,0,0,0,-1,1
VideoPlaceOrder,31,1,success,166,0,0,1,success,210,0,0,0,fail,183,0,0,0,fail,168,0,0,-1,0,-1,-1,0
VideoPlaceOrder,32,0,fail,195,0,0,0,fail,228,0,0,0,fail,207,0,0,0,fail,178,0,0,0,0,0,0,0
VideoPlaceOrder,33,0,fail,176,0,0,0,fail,228,0,0,0,fail,179,0,0,0,fail,162,0,0,0,0,0,0,0
VideoPlaceOrder,34,1,success,178,0,0,0,fail,198,0,0,0,fail,222,0,0,1,success,162,0,0,-1,-1,0,0,-1
VideoPlaceOrder,35,0,fail,171,0,0,0,fail,181,0,0,0,fail,178,0,0,0,fail,162,0,0,0,0,0,0,0
VideoPlaceOrder,36,1,success,194,0,0,0,fail,222,0,0,1,success,213,0,0,1,success,168,0,1,0,-1,1,0,0
VideoPlaceOrder,37,0,fail,175,0,0,0,fail,205,0,0,0,fail,176,0,0,0,fail,162,0,0,0,0,0,0,0
VideoPlaceOrder,38,0,fail,183,0,0,0,fail,203,0,0,0,fail,190,0,0,0,fail,178,0,0,0,0,0,0,0
VideoPlaceOrder,39,0,fail,180,0,0,0,fail,208,0,1,0,fail,190,0,0,0,fail,178,0,0,0,0,0,0,0
VideoPlaceOrder,40,1,success,183,0,0,0,fail,198,0,0,0,fail,199,0,0,0,fail,164,0,0,-1,-1,0,-1,0
VideoPlaceOrder,41,0,fail,189,0,0,0,fail,197,0,0,0,fail,180,0,0,0,fail,159,0,0,0,0,0,0,0
VideoPlaceOrder,42,1,success,174,0,0,1,success,195,0,0,1,success,182,0,0,1,success,162,0,0,0,0,0,0,0
VideoPlaceOrder,43,0,fail,188,0,0,0,fail,221,0,0,1,success,195,0,0,0,fail,176,0,0,1,0,1,0,1
VideoPlaceOrder,44,1,success,182,0,0,0,fail,221,0,0,1,success,183,0,0,1,success,166,0,0,0,-1,1,0,0
VideoPlaceOrder,45,0,fail,188,0,0,0,fail,255,0,0,0,fail,211,0,0,0,fail,163,0,0,0,0,0,0,0
VideoPlaceOrder,46,0,fail,188,0,0,0,fail,178,0,0,0,fail,201,0,0,0,fail,171,0,0,0,0,0,0,0
VideoPlaceOrder,47,1,success,176,0,1,1,success,178,0,0,1,success,191,0,0,0,fail,191,0,0,0,0,0,-1,1
VideoPlaceOrder,48,0,fail,179,0,0,0,fail,242,0,0,0,fail,205,0,0,0,fail,228,0,0,0,0,0,0,0
VideoPlaceOrder,49,0,fail,176,0,1,0,fail,209,0,1,0,fail,189,0,0,0,fail,162,0,0,0,0,0,0,0
MoveCube,0,1,success,164,0,0,1,success,162,0,0,1,success,172,0,0,1,success,146,0,0,0,0,0,0,0
MoveCube,1,1,success,223,0,0,0,fail,125,0,0,1,success,234,0,0,1,success,176,0,0,0,-1,1,0,0
MoveCube,2,1,success,162,0,0,0,fail,88,0,0,1,success,164,0,0,1,success,136,0,0,0,-1,1,0,0
MoveCube,3,0,timeout,1300,0,0,0,fail,122,0,0,1,success,195,0,0,1,success,195,0,0,1,0,1,1,0
MoveCube,4,1,success,267,0,0,0,fail,96,0,0,1,success,278,0,0,1,success,234,0,0,0,-1,1,0,0
MoveCube,5,1,success,230,0,0,0,timeout,1300,0,0,1,success,246,0,0,1,success,278,0,0,0,-1,1,0,0
MoveCube,6,1,success,176,0,0,0,timeout,1300,0,0,0,fail,207,0,0,1,success,195,0,0,-1,-1,0,0,-1
MoveCube,7,1,success,105,0,0,1,success,168,0,0,1,success,105,0,0,1,success,93,0,0,0,0,0,0,0
MoveCube,8,1,success,216,0,0,0,fail,111,0,0,1,success,228,0,0,1,success,196,0,0,0,-1,1,0,0
MoveCube,9,1,success,162,0,0,1,success,196,0,0,1,success,162,0,0,1,success,196,0,0,0,0,0,0,0
MoveCube,10,1,success,178,0,0,1,success,195,0,0,1,success,184,0,0,1,success,228,0,0,0,0,0,0,0
MoveCube,11,1,success,196,0,0,0,fail,94,0,0,0,timeout,1300,0,0,1,success,175,0,0,-1,-1,0,0,-1
MoveCube,12,1,success,304,0,0,0,fail,432,0,0,1,success,431,0,0,1,success,790,0,0,0,-1,1,0,0
MoveCube,13,0,fail,73,0,0,0,timeout,1300,0,0,0,fail,79,0,0,1,success,89,0,0,0,0,0,1,-1
MoveCube,14,0,fail,77,0,0,0,fail,147,0,0,0,fail,100,0,0,0,fail,72,0,0,0,0,0,0,0
MoveCube,15,1,success,221,0,0,0,fail,116,0,0,1,success,205,0,0,1,success,253,0,0,0,-1,1,0,0
MoveCube,16,1,success,105,0,0,0,fail,90,0,0,1,success,113,0,0,0,fail,273,0,0,0,-1,1,-1,1
MoveCube,17,0,timeout,1300,0,0,0,fail,136,0,0,0,fail,392,0,0,1,success,226,0,0,0,0,0,1,-1
MoveCube,18,1,success,178,0,0,1,success,151,0,0,1,success,178,0,0,1,success,228,0,0,0,0,0,0,0
MoveCube,19,1,success,173,0,0,0,fail,120,0,0,1,success,180,0,0,1,success,156,0,0,0,-1,1,0,0
MoveCube,20,0,fail,74,0,0,0,timeout,1300,0,0,0,fail,160,0,0,0,fail,263,0,0,0,0,0,0,0
MoveCube,21,0,fail,89,0,0,1,success,166,0,0,0,fail,98,0,0,1,success,162,0,0,0,1,-1,1,-1
MoveCube,22,0,fail,309,0,0,0,fail,133,0,0,0,fail,260,0,0,0,fail,193,0,0,0,0,0,0,0
MoveCube,23,0,fail,209,0,0,0,fail,89,0,0,1,success,93,0,0,1,success,89,0,0,1,0,1,1,0
MoveCube,24,0,fail,229,0,0,0,fail,86,0,0,0,fail,229,0,0,1,success,180,0,0,0,0,0,1,-1
MoveCube,25,0,timeout,1300,0,0,0,fail,102,0,0,0,timeout,1300,0,0,1,success,596,0,0,0,0,0,1,-1
MoveCube,26,1,success,85,0,0,0,timeout,1300,0,0,1,success,85,0,0,1,success,81,0,0,0,-1,1,0,0
MoveCube,27,1,success,162,0,0,0,timeout,1300,0,0,1,success,157,0,0,1,success,210,0,0,0,-1,1,0,0
MoveCube,28,1,success,178,0,0,0,fail,518,0,0,1,success,284,0,0,1,success,194,0,0,0,-1,1,0,0
MoveCube,29,1,success,93,0,0,0,fail,89,0,0,1,success,94,0,0,1,success,85,0,0,0,-1,1,0,0
MoveCube,30,1,success,173,0,0,1,success,228,0,0,1,success,183,0,0,1,success,146,0,0,0,0,0,0,0
MoveCube,31,1,success,256,0,0,0,fail,85,0,0,1,success,256,0,0,1,success,290,0,0,0,-1,1,0,0
MoveCube,32,0,timeout,1300,0,0,0,fail,81,0,0,0,timeout,1300,0,0,0,timeout,1300,0,0,0,0,0,0,0
MoveCube,33,1,success,246,0,0,0,fail,81,0,0,1,success,254,0,0,1,success,203,0,0,0,-1,1,0,0
MoveCube,34,1,success,175,0,0,1,success,162,0,0,1,success,176,0,0,1,success,232,0,0,0,0,0,0,0
MoveCube,35,1,success,150,0,0,0,timeout,1300,0,0,1,success,141,0,0,1,success,147,0,0,0,-1,1,0,0
MoveCube,36,1,success,170,0,0,1,success,168,0,0,1,success,167,0,0,1,success,162,0,0,0,0,0,0,0
MoveCube,37,1,success,111,0,0,1,success,126,0,0,1,success,113,0,0,1,success,103,0,0,0,0,0,0,0
MoveCube,38,1,success,93,0,0,0,timeout,1300,0,0,1,success,96,0,0,1,success,85,0,0,0,-1,1,0,0
MoveCube,39,0,timeout,1300,0,0,0,timeout,1300,0,0,0,timeout,1300,0,0,0,timeout,1300,0,0,0,0,0,0,0
MoveCube,40,1,success,166,0,0,1,success,145,0,0,1,success,173,0,0,1,success,156,0,0,0,0,0,0,0
MoveCube,41,1,success,105,0,0,1,success,104,0,0,0,timeout,1300,0,0,1,success,102,0,0,-1,0,-1,0,-1
MoveCube,42,1,success,162,0,0,0,fail,151,0,0,1,success,168,0,0,1,success,131,0,0,0,-1,1,0,0
MoveCube,43,1,success,174,0,0,1,success,306,0,0,1,success,173,0,0,1,success,157,0,0,0,0,0,0,0
MoveCube,44,1,success,178,0,0,1,success,195,0,0,0,fail,138,0,0,1,success,177,0,0,-1,0,-1,0,-1
MoveCube,45,1,success,168,0,0,0,timeout,1300,0,0,1,success,176,0,0,1,success,162,0,0,0,-1,1,0,0
MoveCube,46,1,success,105,0,0,0,timeout,1300,0,0,1,success,113,0,0,1,success,96,0,0,0,-1,1,0,0
MoveCube,47,1,success,213,0,0,0,timeout,1300,0,0,0,timeout,1300,0,0,0,fail,97,0,0,-1,-1,0,-1,0
MoveCube,48,1,success,176,0,0,1,success,213,0,0,1,success,156,0,0,1,success,211,0,0,0,0,0,0,0
MoveCube,49,1,success,105,0,0,1,success,189,0,0,1,success,113,0,0,1,success,103,0,0,0,0,0,0,0
InsertPeg,0,0,fail,109,0,0,0,fail,135,0,0,0,fail,112,0,0,0,fail,87,0,0,0,0,0,0,0
InsertPeg,1,0,timeout,1300,0,0,0,fail,116,0,0,0,timeout,1300,0,0,0,timeout,1300,0,0,0,0,0,0,0
InsertPeg,2,0,fail,98,0,0,0,fail,88,0,0,0,fail,103,0,0,0,fail,86,0,0,0,0,0,0,0
InsertPeg,3,0,timeout,1300,0,0,0,fail,98,0,0,0,timeout,1300,0,0,0,timeout,1300,0,0,0,0,0,0,0
InsertPeg,4,1,success,255,0,0,0,fail,214,0,0,1,success,260,0,0,1,success,297,0,0,0,-1,1,0,0
InsertPeg,5,0,fail,113,0,0,0,timeout,1300,0,0,0,fail,130,0,0,0,timeout,1300,0,0,0,0,0,0,0
InsertPeg,6,0,timeout,1300,0,0,0,timeout,1300,0,0,0,timeout,1300,0,0,0,timeout,1300,0,0,0,0,0,0,0
InsertPeg,7,0,fail,96,0,0,0,fail,89,0,0,0,fail,105,0,0,0,fail,87,0,0,0,0,0,0,0
InsertPeg,8,0,fail,109,0,0,0,fail,110,0,0,0,fail,120,0,0,0,fail,104,0,0,0,0,0,0,0
InsertPeg,9,0,timeout,1300,0,0,0,fail,106,0,0,0,timeout,1300,0,0,0,timeout,1300,0,0,0,0,0,0,0
InsertPeg,10,0,fail,104,0,0,0,fail,110,0,0,0,timeout,1300,0,0,0,fail,96,0,0,0,0,0,0,0
InsertPeg,11,0,fail,188,0,0,0,fail,125,0,0,0,fail,109,0,0,0,fail,168,0,0,0,0,0,0,0
InsertPeg,12,0,fail,107,0,0,0,fail,87,0,0,0,fail,112,0,0,0,fail,92,0,0,0,0,0,0,0
InsertPeg,13,0,timeout,1300,0,0,0,timeout,1300,0,0,0,timeout,1300,0,0,1,success,254,0,0,0,0,0,1,-1
InsertPeg,14,0,fail,104,0,0,0,timeout,1300,0,0,0,fail,102,0,0,0,timeout,1300,0,0,0,0,0,0,0
InsertPeg,15,0,timeout,1300,0,0,0,fail,112,0,0,0,timeout,1300,0,0,0,timeout,1300,0,0,0,0,0,0,0
InsertPeg,16,0,fail,581,0,0,0,fail,150,0,0,0,timeout,1300,0,0,0,timeout,1300,0,0,0,0,0,0,0
InsertPeg,17,0,fail,100,0,0,0,fail,116,0,0,0,fail,107,0,0,0,fail,99,0,0,0,0,0,0,0
InsertPeg,18,0,fail,106,0,0,0,fail,124,0,0,0,fail,109,0,0,0,fail,100,0,0,0,0,0,0,0
InsertPeg,19,0,timeout,1300,0,0,0,fail,695,0,0,0,timeout,1300,0,0,0,timeout,1300,0,0,0,0,0,0,0
InsertPeg,20,0,timeout,1300,0,0,0,timeout,1300,0,0,0,timeout,1300,0,0,0,timeout,1300,0,0,0,0,0,0,0
InsertPeg,21,0,fail,89,0,0,0,fail,104,0,0,0,fail,93,0,0,0,fail,85,0,0,0,0,0,0,0
InsertPeg,22,1,success,193,0,0,0,timeout,1300,0,0,0,timeout,1300,0,0,0,timeout,1300,0,0,-1,-1,0,-1,0
InsertPeg,23,0,timeout,1300,0,0,0,fail,122,0,0,0,timeout,1300,0,0,0,timeout,1300,0,0,0,0,0,0,0
InsertPeg,24,0,fail,93,0,0,0,fail,151,0,0,0,fail,98,0,0,0,fail,83,0,0,0,0,0,0,0
InsertPeg,25,0,fail,105,0,0,0,fail,109,0,0,0,fail,115,0,0,0,timeout,1300,0,0,0,0,0,0,0
InsertPeg,26,0,timeout,1300,0,0,0,timeout,1300,0,0,0,timeout,1300,0,0,1,success,194,0,0,0,0,0,1,-1
InsertPeg,27,0,timeout,1300,0,0,0,timeout,1300,0,0,1,success,257,0,0,0,timeout,1300,0,0,1,0,1,0,1
InsertPeg,28,0,fail,87,0,0,0,fail,193,0,0,0,fail,97,0,0,0,fail,87,0,0,0,0,0,0,0
InsertPeg,29,0,fail,95,0,0,0,fail,89,0,0,0,fail,99,0,0,0,fail,147,0,0,0,0,0,0,0
InsertPeg,30,1,success,238,0,0,0,fail,121,0,0,0,timeout,1300,0,0,0,timeout,1300,0,0,-1,-1,0,-1,0
InsertPeg,31,0,timeout,1300,0,0,0,timeout,1300,0,0,0,timeout,1300,0,0,0,fail,105,0,0,0,0,0,0,0
InsertPeg,32,0,timeout,1300,0,0,0,fail,103,0,0,0,timeout,1300,0,0,0,timeout,1300,0,0,0,0,0,0,0
InsertPeg,33,0,fail,113,0,0,0,fail,139,0,0,0,fail,137,0,0,0,fail,108,0,0,0,0,0,0,0
InsertPeg,34,0,fail,91,0,0,0,fail,145,0,0,0,fail,181,0,0,0,timeout,1300,0,0,0,0,0,0,0
InsertPeg,35,0,fail,108,0,0,0,timeout,1300,0,0,0,fail,110,0,0,0,fail,332,0,0,0,0,0,0,0
InsertPeg,36,0,fail,114,0,0,0,fail,141,0,0,0,fail,119,0,0,0,timeout,1300,0,0,0,0,0,0,0
InsertPeg,37,0,timeout,1300,0,0,0,timeout,1300,0,0,0,timeout,1300,0,0,1,success,227,0,0,0,0,0,1,-1
InsertPeg,38,0,timeout,1300,0,0,0,timeout,1300,0,0,0,timeout,1300,0,0,0,timeout,1300,0,0,0,0,0,0,0
InsertPeg,39,0,timeout,1300,0,0,0,fail,110,0,0,0,fail,108,0,0,0,timeout,1300,0,0,0,0,0,0,0
InsertPeg,40,0,fail,98,0,0,0,fail,149,0,0,0,fail,104,0,0,0,fail,315,0,0,0,0,0,0,0
InsertPeg,41,0,fail,108,0,0,0,timeout,1300,0,0,0,fail,115,0,0,0,fail,105,0,0,0,0,0,0,0
InsertPeg,42,0,fail,92,0,0,0,fail,107,0,0,0,fail,94,0,0,0,fail,153,0,0,0,0,0,0,0
InsertPeg,43,0,fail,117,0,0,0,fail,123,0,0,0,fail,122,0,0,0,fail,99,0,0,0,0,0,0,0
InsertPeg,44,0,fail,107,0,0,0,fail,105,0,0,0,fail,112,0,0,0,fail,92,0,0,0,0,0,0,0
InsertPeg,45,0,fail,109,0,0,0,fail,135,0,0,0,fail,114,0,0,0,fail,104,0,0,0,0,0,0,0
InsertPeg,46,0,fail,104,0,0,0,fail,184,0,1,0,fail,107,0,0,0,fail,153,0,0,0,0,0,0,0
InsertPeg,47,0,fail,108,0,0,0,fail,138,0,0,0,fail,121,0,0,0,fail,105,0,0,0,0,0,0,0
InsertPeg,48,0,timeout,1300,0,0,0,fail,112,0,0,0,timeout,1300,0,0,0,timeout,1300,0,0,0,0,0,0,0
InsertPeg,49,0,timeout,1300,0,0,0,timeout,1300,0,0,0,timeout,1300,0,0,0,timeout,1300,0,0,0,0,0,0,0
PatternLock,0,1,success,109,0,0,0,fail,36,0,0,1,success,92,0,0,0,fail,148,0,0,0,-1,1,-1,1
PatternLock,1,1,success,91,0,0,0,fail,95,0,0,0,fail,139,0,0,0,fail,50,0,0,-1,-1,0,-1,0
PatternLock,2,1,success,128,0,0,0,fail,27,0,0,1,success,127,0,0,1,success,113,0,0,0,-1,1,0,0
PatternLock,3,0,fail,67,0,0,0,fail,33,0,0,0,fail,67,0,0,0,fail,64,0,0,0,0,0,0,0
PatternLock,4,1,success,89,0,0,0,fail,28,0,0,1,success,88,0,0,1,success,85,0,0,0,-1,1,0,0
PatternLock,5,1,success,29,0,0,0,fail,70,0,0,1,success,30,0,0,1,success,29,0,0,0,-1,1,0,0
PatternLock,6,0,fail,31,0,0,0,fail,36,0,0,0,fail,32,0,0,0,fail,35,0,0,0,0,0,0,0
PatternLock,7,0,fail,34,0,0,0,fail,42,0,0,0,fail,33,0,0,0,fail,33,0,0,0,0,0,0,0
PatternLock,8,1,success,91,0,0,0,fail,23,0,0,1,success,91,0,0,1,success,89,0,0,0,-1,1,0,0
PatternLock,9,1,success,69,0,0,0,fail,50,0,0,0,fail,61,0,0,1,success,66,0,0,-1,-1,0,0,-1
PatternLock,10,1,success,99,0,0,0,fail,93,0,0,1,success,89,0,0,0,fail,91,0,0,0,-1,1,-1,1
PatternLock,11,0,fail,103,0,0,0,fail,37,0,0,1,success,114,0,0,1,success,98,0,0,1,0,1,1,0
PatternLock,12,0,fail,41,0,0,0,fail,77,0,0,1,success,101,0,0,0,fail,28,0,0,1,0,1,0,1
PatternLock,13,0,fail,89,0,0,0,fail,32,0,0,0,fail,134,0,1,0,fail,86,0,0,0,0,0,0,0
PatternLock,14,0,fail,68,0,1,0,fail,296,0,0,0,fail,66,0,0,1,success,86,0,1,0,0,0,1,-1
PatternLock,15,0,fail,28,0,0,0,fail,39,0,1,0,fail,24,0,0,0,fail,25,0,0,0,0,0,0,0
PatternLock,16,1,success,104,0,0,0,fail,221,0,0,1,success,120,0,0,1,success,92,0,0,0,-1,1,0,0
PatternLock,17,1,success,64,0,0,0,fail,90,0,0,0,fail,103,0,0,1,success,59,0,0,-1,-1,0,0,-1
PatternLock,18,1,success,64,0,0,0,fail,86,0,0,0,fail,55,0,0,1,success,55,0,0,-1,-1,0,0,-1
PatternLock,19,0,fail,69,0,0,0,fail,77,0,0,0,fail,70,0,0,0,fail,68,0,0,0,0,0,0,0
PatternLock,20,1,success,21,0,0,1,success,24,0,0,1,success,21,0,0,1,success,21,0,0,0,0,0,0,0
PatternLock,21,1,success,91,0,0,0,fail,17,0,0,1,success,94,0,0,1,success,88,0,0,0,-1,1,0,0
PatternLock,22,0,fail,174,0,0,0,fail,20,0,0,0,fail,169,0,0,0,fail,169,0,0,0,0,0,0,0
PatternLock,23,0,fail,154,0,0,0,fail,35,0,0,0,fail,145,0,1,0,fail,154,0,1,0,0,0,0,0
PatternLock,24,1,success,66,0,0,1,success,90,0,0,1,success,72,0,1,1,success,65,0,0,0,0,0,0,0
PatternLock,25,1,success,18,0,1,0,fail,86,0,0,1,success,17,0,1,1,success,18,0,0,0,-1,1,0,0
PatternLock,26,0,fail,60,0,1,0,fail,27,0,0,0,fail,60,0,1,0,fail,61,0,0,0,0,0,0,0
PatternLock,27,0,fail,28,0,0,0,fail,17,0,0,0,fail,92,0,0,0,fail,27,0,0,0,0,0,0,0
PatternLock,28,1,success,29,0,0,0,fail,69,0,1,1,success,29,0,0,1,success,29,0,0,0,-1,1,0,0
PatternLock,29,1,success,28,0,1,0,fail,95,0,0,1,success,28,0,0,1,success,28,0,0,0,-1,1,0,0
PatternLock,30,0,fail,58,0,0,0,fail,20,0,0,0,fail,64,0,0,0,fail,69,0,0,0,0,0,0,0
PatternLock,31,0,fail,51,0,0,0,fail,38,0,0,0,fail,67,0,1,0,fail,50,0,0,0,0,0,0,0
PatternLock,32,1,success,25,0,0,0,fail,78,0,0,1,success,25,0,1,1,success,25,0,0,0,-1,1,0,0
PatternLock,33,0,fail,59,0,0,1,success,100,0,0,1,success,53,0,1,1,success,54,0,0,1,1,0,1,0
PatternLock,34,1,success,83,0,0,0,fail,45,0,0,1,success,89,0,1,1,success,99,0,0,0,-1,1,0,0
PatternLock,35,0,fail,110,0,0,0,fail,33,0,0,0,fail,106,0,0,0,fail,135,0,1,0,0,0,0,0
PatternLock,36,0,fail,124,0,0,0,fail,35,0,0,1,success,87,0,0,0,fail,110,0,0,1,0,1,0,1
PatternLock,37,1,success,64,0,0,0,fail,263,0,0,0,fail,67,0,0,1,success,60,0,0,-1,-1,0,0,-1
PatternLock,38,0,fail,131,0,0,0,fail,26,0,0,0,fail,37,0,0,1,success,142,0,0,0,0,0,1,-1
PatternLock,39,0,fail,90,0,0,0,fail,86,0,0,0,fail,89,0,0,0,fail,87,0,0,0,0,0,0,0
PatternLock,40,1,success,96,0,0,0,fail,32,0,0,1,success,90,0,0,0,fail,101,0,0,0,-1,1,-1,1
PatternLock,41,1,success,103,0,0,0,fail,68,0,0,1,success,115,0,0,1,success,100,0,0,0,-1,1,0,0
PatternLock,42,0,fail,78,0,0,0,fail,25,0,0,0,fail,140,0,0,0,fail,80,0,0,0,0,0,0,0
PatternLock,43,0,fail,49,0,0,0,fail,33,0,0,0,fail,23,0,0,1,success,99,0,0,0,0,0,1,-1
PatternLock,44,1,success,22,0,0,1,success,55,0,0,1,success,22,0,0,1,success,22,0,0,0,0,0,0,0
PatternLock,45,1,success,102,0,0,0,fail,28,0,0,0,fail,115,0,0,1,success,100,0,0,-1,-1,0,0,-1
PatternLock,46,1,success,120,0,0,0,fail,141,0,0,1,success,136,0,0,0,fail,60,0,0,0,-1,1,-1,1
PatternLock,47,0,fail,26,0,0,0,fail,30,0,0,0,fail,26,0,0,0,fail,27,0,0,0,0,0,0,0
PatternLock,48,1,success,22,0,0,0,fail,101,0,0,1,success,22,0,0,1,success,22,0,0,0,-1,1,0,0
PatternLock,49,1,success,56,0,0,0,fail,62,0,0,1,success,69,0,0,1,success,53,0,0,0,-1,1,0,0
RouteStick,0,1,success,154,0,0,0,fail,46,0,0,0,fail,173,0,0,0,fail,153,0,0,-1,-1,0,-1,0
RouteStick,1,1,success,99,0,0,0,fail,46,0,0,1,success,99,0,0,1,success,99,0,0,0,-1,1,0,0
RouteStick,2,1,success,214,0,0,0,fail,51,0,0,0,fail,104,0,0,1,success,207,0,0,-1,-1,0,0,-1
RouteStick,3,1,success,208,0,0,0,fail,49,0,0,1,success,216,0,0,1,success,208,0,0,0,-1,1,0,0
RouteStick,4,1,success,152,0,0,1,success,443,0,0,1,success,155,0,0,1,success,151,0,0,0,0,0,0,0
RouteStick,5,1,success,107,0,0,0,fail,42,0,0,0,fail,106,0,0,1,success,106,0,0,-1,-1,0,0,-1
RouteStick,6,0,fail,99,0,0,0,fail,52,0,0,1,success,208,0,0,0,fail,96,0,0,1,0,1,0,1
RouteStick,7,0,fail,105,0,0,0,fail,69,0,0,0,fail,108,0,0,0,fail,103,0,0,0,0,0,0,0
RouteStick,8,1,success,151,0,0,0,fail,48,0,0,1,success,151,0,0,1,success,150,0,0,0,-1,1,0,0
RouteStick,9,1,success,150,0,0,0,fail,126,0,0,0,fail,153,0,0,1,success,150,0,0,-1,-1,0,0,-1
RouteStick,10,1,success,198,0,0,0,fail,52,0,0,1,success,211,0,0,1,success,196,0,0,0,-1,1,0,0
RouteStick,11,0,fail,107,0,0,0,fail,102,0,0,0,fail,108,0,0,0,fail,107,0,0,0,0,0,0,0
RouteStick,12,0,fail,102,0,0,0,fail,104,0,0,1,success,152,0,0,0,fail,100,0,0,1,0,1,0,1
RouteStick,13,1,success,101,0,0,0,fail,48,0,0,0,fail,100,0,0,1,success,101,0,0,-1,-1,0,0,-1
RouteStick,14,0,fail,204,0,0,0,fail,47,0,0,0,fail,154,0,0,0,fail,205,0,0,0,0,0,0,0
RouteStick,15,0,fail,220,0,0,0,fail,233,0,0,1,success,211,0,0,1,success,207,0,0,1,0,1,1,0
RouteStick,16,1,success,97,0,0,1,success,109,0,0,1,success,110,0,0,1,success,94,0,0,0,0,0,0,0
RouteStick,17,1,success,151,0,0,0,fail,52,0,0,1,success,150,0,0,1,success,150,0,0,0,-1,1,0,0
RouteStick,18,1,success,207,0,0,0,fail,89,0,0,0,fail,206,0,0,1,success,206,0,0,-1,-1,0,0,-1
RouteStick,19,0,fail,102,0,0,0,fail,203,0,0,0,fail,102,0,0,0,fail,100,0,0,0,0,0,0,0
RouteStick,20,1,success,102,0,0,0,fail,134,0,0,0,fail,99,0,0,1,success,103,0,0,-1,-1,0,0,-1
RouteStick,21,1,success,101,0,0,0,fail,153,0,0,1,success,108,0,0,1,success,100,0,0,0,-1,1,0,0
RouteStick,22,0,fail,45,0,0,0,fail,48,0,0,1,success,262,0,0,0,fail,99,0,0,1,0,1,0,1
RouteStick,23,1,success,207,0,0,0,fail,102,0,0,0,fail,99,0,0,0,fail,96,0,0,-1,-1,0,-1,0
RouteStick,24,1,success,99,0,0,0,fail,46,0,0,1,success,111,0,0,1,success,98,0,0,0,-1,1,0,0
RouteStick,25,1,success,99,0,0,0,fail,49,0,0,0,fail,103,0,0,1,success,99,0,0,-1,-1,0,0,-1
RouteStick,26,1,success,259,0,0,0,fail,48,0,0,0,fail,260,0,0,1,success,259,0,0,-1,-1,0,0,-1
RouteStick,27,1,success,274,0,0,0,fail,63,0,0,0,fail,254,0,0,1,success,262,0,0,-1,-1,0,0,-1
RouteStick,28,1,success,154,0,0,0,fail,253,0,0,1,success,162,0,0,1,success,154,0,0,0,-1,1,0,0
RouteStick,29,1,success,103,0,0,0,fail,54,0,0,0,fail,92,0,0,1,success,101,0,0,-1,-1,0,0,-1
RouteStick,30,1,success,270,0,0,0,fail,77,0,0,1,success,286,0,0,1,success,268,0,0,0,-1,1,0,0
RouteStick,31,1,success,203,0,0,0,fail,132,0,0,1,success,207,0,0,1,success,202,0,0,0,-1,1,0,0
RouteStick,32,1,success,98,0,0,0,fail,141,0,0,1,success,98,0,0,1,success,97,0,0,0,-1,1,0,0
RouteStick,33,0,fail,93,0,0,0,fail,288,0,0,1,success,165,0,0,0,fail,97,0,0,1,0,1,0,1
RouteStick,34,0,fail,96,0,0,0,fail,55,0,0,0,fail,292,0,0,0,fail,96,0,0,0,0,0,0,0
RouteStick,35,0,fail,44,0,0,0,fail,87,0,0,0,fail,105,0,0,0,fail,44,0,0,0,0,0,0,0
RouteStick,36,1,success,102,0,0,0,fail,190,0,0,0,fail,91,0,0,1,success,102,0,0,-1,-1,0,0,-1
RouteStick,37,1,success,154,0,0,0,fail,50,0,0,1,success,158,0,0,1,success,154,0,0,0,-1,1,0,0
RouteStick,38,0,fail,283,0,0,0,fail,51,0,0,1,success,256,0,0,0,fail,96,0,0,1,0,1,0,1
RouteStick,39,0,fail,89,0,0,0,fail,124,0,0,0,fail,90,0,0,0,fail,90,0,0,0,0,0,0,0
RouteStick,40,1,success,151,0,0,0,fail,105,0,0,0,fail,151,0,0,1,success,151,0,0,-1,-1,0,0,-1
RouteStick,41,1,success,99,0,0,0,fail,125,0,0,1,success,97,0,0,1,success,96,0,0,0,-1,1,0,0
RouteStick,42,0,fail,102,0,0,0,fail,48,0,0,0,fail,153,0,0,0,fail,100,0,0,0,0,0,0,0
RouteStick,43,0,fail,99,0,0,0,fail,54,0,0,0,fail,99,0,0,0,fail,98,0,0,0,0,0,0,0
RouteStick,44,1,success,156,0,0,0,fail,52,0,0,0,fail,166,0,0,1,success,155,0,0,-1,-1,0,0,-1
RouteStick,45,1,success,152,0,0,0,fail,50,0,0,1,success,154,0,0,1,success,151,0,0,0,-1,1,0,0
RouteStick,46,0,fail,102,0,0,0,fail,46,0,0,1,success,207,0,0,0,fail,99,0,0,1,0,1,0,1
RouteStick,47,0,fail,95,0,0,0,fail,110,0,0,1,success,267,0,0,0,fail,93,0,0,1,0,1,0,1
RouteStick,48,1,success,94,0,0,1,success,100,0,0,1,success,93,0,0,1,success,93,0,0,0,0,0,0,0
RouteStick,49,1,success,96,0,0,0,fail,178,0,0,0,fail,104,0,0,1,success,93,0,0,-1,-1,0,0,-1
